시나리오별(1),시도별(1),인구종류별(1),2020,2021,2022,2023,2024,2025,2026,2027,2028,2029,2030,2031,2032,2033,2034,2035,2036,2037,2038,2039,2040,2041,2042,2043,2044
중위 추계(기본 추계: 출산율-중위 / 기대수명-중위 / 국제이동-중위 / 국내이동-중위),전국,생산연령인구(천명): 계(15~64세),37379,37030,36675,36372,36029,35610,35180,34867,34477,34180,33813,33443,33040,32577,31999,31438,30824,30235,29636,29044,28521,28051,27610,27173,26736
중위 추계(기본 추계: 출산율-중위 / 기대수명-중위 / 국제이동-중위 / 국내이동-중위),전국,생산연령인구(천명): 15~24세,5911,5625,5378,5196,5029,4855,4742,4703,4690,4651,4649,4643,4573,4438,4308,4156,3949,3739,3524,3326,3122,2944,2823,2752,2720
중위 추계(기본 추계: 출산율-중위 / 기대수명-중위 / 국제이동-중위 / 국내이동-중위),전국,생산연령인구(천명): 25~49세,19078,18806,18565,18346,18122,17978,17849,17650,17405,17147,16787,16415,16061,15791,15557,15371,15219,15076,14936,14753,14563,14352,14041,13685,13315
중위 추계(기본 추계: 출산율-중위 / 기대수명-중위 / 국제이동-중위 / 국내이동-중위),전국,생산연령인구(천명): 50~64세,12390,12599,12732,12830,12878,12776,12589,12514,12382,12381,12377,12385,12406,12349,12133,11911,11656,11420,11176,10965,10836,10755,10747,10736,10701
중위 추계(기본 추계: 출산율-중위 / 기대수명-중위 / 국제이동-중위 / 국내이동-중위),전국,- 구성비(%): 15~24세,11.4,10.9,10.4,10.1,9.8,9.4,9.2,9.2,9.1,9.1,9.1,9.1,9,8.7,8.5,8.2,7.8,7.4,7,6.6,6.2,5.9,5.7,5.6,5.5
중위 추계(기본 추계: 출산율-중위 / 기대수명-중위 / 국제이동-중위 / 국내이동-중위),전국,- 구성비(%): 25~49세,36.8,36.3,36,35.6,35.2,34.9,34.7,34.4,33.9,33.5,32.8,32.1,31.4,31,30.5,30.2,30,29.8,29.6,29.3,29,28.7,28.2,27.6,27
중위 추계(기본 추계: 출산율-중위 / 기대수명-중위 / 국제이동-중위 / 국내이동-중위),전국,- 구성비(%): 50~64세,23.9,24.3,24.7,24.9,25,24.8,24.5,24.4,24.1,24.2,24.2,24.2,24.3,24.2,23.8,23.4,23,22.5,22.1,21.8,21.6,21.5,21.6,21.7,21.7
중위 추계(기본 추계: 출산율-중위 / 기대수명-중위 / 국제이동-중위 / 국내이동-중위),전국,고령인구(천명): 65세+,8152,8571,9018,9500,10008,10585,11197,11670,12200,12596,13056,13494,13910,14338,14843,15289,15757,16177,16580,16953,17245,17483,17690,17891,18087
중위 추계(기본 추계: 출산율-중위 / 기대수명-중위 / 국제이동-중위 / 국내이동-중위),전국,고령인구(천명): 65-69세,2662,2896,3063,3274,3507,3685,3933,4017,4127,4079,4027,3920,3925,3889,4058,4109,4203,4272,4314,4254,4172,4018,3883,3761,3667
중위 추계(기본 추계: 출산율-중위 / 기대수명-중위 / 국제이동-중위 / 국내이동-중위),전국,고령인구(천명): 70세+,5490,5676,5955,6226,6501,6900,7264,7653,8073,8517,9029,9575,9985,10449,10784,11180,11555,11906,12266,12699,13073,13465,13807,14129,14420
중위 추계(기본 추계: 출산율-중위 / 기대수명-중위 / 국제이동-중위 / 국내이동-중위),전국,고령인구(천명): 75세+,3499,3585,3787,3986,4172,4367,4505,4729,4944,5161,5497,5800,6126,6481,6859,7301,7774,8116,8507,8772,9093,9390,9661,9940,10285
중위 추계(기본 추계: 출산율-중위 / 기대수명-중위 / 국제이동-중위 / 국내이동-중위),전국,고령인구(천명): 80세+,1891,2017,2186,2343,2441,2538,2583,2730,2873,3005,3144,3234,3401,3561,3724,3994,4233,4493,4777,5080,5439,5822,6081,6380,6561
중위 추계(기본 추계: 출산율-중위 / 기대수명-중위 / 국제이동-중위 / 국내이동-중위),전국,고령인구(천명): 85세+,782,859,939,1017,1104,1185,1264,1374,1472,1525,1576,1588,1682,1774,1856,1946,1997,2112,2220,2331,2528,2698,2881,3082,3295
중위 추계(기본 추계: 출산율-중위 / 기대수명-중위 / 국제이동-중위 / 국내이동-중위),전국,- 구성비(%): 65세+,15.7,16.6,17.5,18.4,19.4,20.6,21.8,22.7,23.8,24.6,25.5,26.4,27.2,28.1,29.1,30.1,31,31.9,32.8,33.7,34.4,35,35.5,36.1,36.7
중위 추계(기본 추계: 출산율-중위 / 기대수명-중위 / 국제이동-중위 / 국내이동-중위),전국,- 구성비(%): 65-69세,5.1,5.6,5.9,6.3,6.8,7.2,7.7,7.8,8,8,7.9,7.7,7.7,7.6,8,8.1,8.3,8.4,8.5,8.4,8.3,8,7.8,7.6,7.4
중위 추계(기본 추계: 출산율-중위 / 기대수명-중위 / 국제이동-중위 / 국내이동-중위),전국,- 구성비(%): 70세+,10.6,11,11.5,12.1,12.6,13.4,14.1,14.9,15.7,16.6,17.6,18.7,19.5,20.5,21.2,22,22.8,23.5,24.3,25.2,26,26.9,27.7,28.5,29.2
중위 추계(기본 추계: 출산율-중위 / 기대수명-중위 / 국제이동-중위 / 국내이동-중위),전국,- 구성비(%): 75세+,6.8,6.9,7.3,7.7,8.1,8.5,8.8,9.2,9.6,10.1,10.7,11.3,12,12.7,13.5,14.4,15.3,16,16.8,17.4,18.1,18.8,19.4,20.1,20.9
중위 추계(기본 추계: 출산율-중위 / 기대수명-중위 / 국제이동-중위 / 국내이동-중위),전국,- 구성비(%): 80세+,3.6,3.9,4.2,4.5,4.7,4.9,5,5.3,5.6,5.9,6.1,6.3,6.7,7,7.3,7.9,8.3,8.9,9.5,10.1,10.8,11.6,12.2,12.9,13.3
중위 추계(기본 추계: 출산율-중위 / 기대수명-중위 / 국제이동-중위 / 국내이동-중위),전국,- 구성비(%): 85세+,1.5,1.7,1.8,2,2.1,2.3,2.5,2.7,2.9,3,3.1,3.1,3.3,3.5,3.6,3.8,3.9,4.2,4.4,4.6,5,5.4,5.8,6.2,6.7
중위 추계(기본 추계: 출산율-중위 / 기대수명-중위 / 국제이동-중위 / 국내이동-중위),전국,학령인구(천명): 계(6~21세),7888,7700,7482,7259,7092,6937,6754,6581,6403,6192,5943,5728,5533,5316,5121,4947,4810,4674,4559,4492,4468,4474,4506,4549,4595
중위 추계(기본 추계: 출산율-중위 / 기대수명-중위 / 국제이동-중위 / 국내이동-중위),전국,학령인구(천명): 초등학교(6~11세),2724,2718,2701,2604,2480,2337,2192,2020,1848,1707,1592,1508,1467,1458,1474,1515,1578,1648,1711,1767,1814,1853,1879,1887,1880
중위 추계(기본 추계: 출산율-중위 / 기대수명-중위 / 국제이동-중위 / 국내이동-중위),전국,학령인구(천명): 중학교(12~14세),1364,1379,1366,1362,1382,1400,1355,1327,1294,1246,1151,1041,946,870,808,763,725,702,707,735,774,811,845,875,902
중위 추계(기본 추계: 출산율-중위 / 기대수명-중위 / 국제이동-중위 / 국내이동-중위),전국,학령인구(천명): 고등학교(15~17세),1390,1344,1322,1360,1374,1363,1359,1380,1398,1353,1325,1293,1244,1150,1041,946,870,809,763,726,703,708,736,775,812
중위 추계(기본 추계: 출산율-중위 / 기대수명-중위 / 국제이동-중위 / 국내이동-중위),전국,학령인구(천명): 대학교(18~21세),2410,2258,2093,1933,1857,1838,1847,1854,1862,1886,1874,1886,1876,1839,1798,1723,1637,1515,1378,1265,1176,1102,1046,1011,1002
중위 추계(기본 추계: 출산율-중위 / 기대수명-중위 / 국제이동-중위 / 국내이동-중위),전국,청소년인구(천명): 9~24세,8638,8390,8147,7913,7738,7550,7342,7180,7025,6842,6669,6491,6280,6031,5818,5624,5408,5214,5040,4905,4770,4656,4590,4566,4573
중위 추계(기본 추계: 출산율-중위 / 기대수명-중위 / 국제이동-중위 / 국내이동-중위),전국,- 구성비(%): 9~24세,16.7,16.2,15.8,15.3,15,14.7,14.3,14,13.7,13.3,13,12.7,12.3,11.8,11.4,11.1,10.7,10.3,10,9.7,9.5,9.3,9.2,9.2,9.3
중위 추계(기본 추계: 출산율-중위 / 기대수명-중위 / 국제이동-중위 / 국내이동-중위),전국,청년인구(천명): 19~34세,10956,10776,10586,10440,10265,10074,9894,9682,9430,9183,8978,8760,8555,8339,8166,7973,7763,7599,7445,7264,7094,6919,6712,6467,6256
중위 추계(기본 추계: 출산율-중위 / 기대수명-중위 / 국제이동-중위 / 국내이동-중위),전국,- 구성비(%): 19~34세,21.1,20.8,20.5,20.2,19.9,19.6,19.2,18.9,18.4,17.9,17.5,17.1,16.7,16.3,16,15.7,15.3,15,14.7,14.4,14.1,13.8,13.5,13.1,12.7
중위 추계(기본 추계: 출산율-중위 / 기대수명-중위 / 국제이동-중위 / 국내이동-중위),서울특별시,생산연령인구(천명): 계(15~64세),7152,7010,6895,6797,6697,6589,6485,6401,6303,6220,6131,6046,5959,5862,5752,5645,5532,5424,5319,5216,5125,5042,4962,4883,4802
중위 추계(기본 추계: 출산율-중위 / 기대수명-중위 / 국제이동-중위 / 국내이동-중위),서울특별시,생산연령인구(천명): 15~24세,1095,1032,993,949,907,865,830,813,804,791,786,782,768,744,722,698,666,631,594,561,527,495,473,459,452
중위 추계(기본 추계: 출산율-중위 / 기대수명-중위 / 국제이동-중위 / 국내이동-중위),서울특별시,생산연령인구(천명): 25~49세,3830,3751,3687,3646,3605,3579,3557,3516,3466,3412,3340,3267,3197,3144,3095,3054,3019,2989,2960,2922,2885,2844,2785,2717,2646
중위 추계(기본 추계: 출산율-중위 / 기대수명-중위 / 국제이동-중위 / 국내이동-중위),서울특별시,생산연령인구(천명): 50~64세,2228,2226,2215,2202,2184,2146,2098,2072,2033,2017,2005,1997,1993,1975,1935,1893,1847,1805,1765,1732,1712,1702,1704,1706,1704
중위 추계(기본 추계: 출산율-중위 / 기대수명-중위 / 국제이동-중위 / 국내이동-중위),서울특별시,- 구성비(%): 15~24세,11.4,10.9,10.6,10.2,9.8,9.4,9.1,8.9,8.9,8.8,8.8,8.8,8.7,8.4,8.2,8,7.6,7.3,6.9,6.5,6.2,5.8,5.6,5.5,5.4
중위 추계(기본 추계: 출산율-중위 / 기대수명-중위 / 국제이동-중위 / 국내이동-중위),서울특별시,- 구성비(%): 25~49세,39.8,39.5,39.2,39,38.9,38.9,38.9,38.6,38.3,37.9,37.3,36.7,36.1,35.6,35.2,34.9,34.7,34.5,34.3,34,33.8,33.5,33,32.4,31.8
중위 추계(기본 추계: 출산율-중위 / 기대수명-중위 / 국제이동-중위 / 국내이동-중위),서울특별시,- 구성비(%): 50~64세,23.2,23.4,23.5,23.6,23.6,23.3,22.9,22.8,22.5,22.4,22.4,22.4,22.5,22.4,22,21.6,21.2,20.8,20.4,20.2,20.1,20,20.2,20.3,20.5
중위 추계(기본 추계: 출산율-중위 / 기대수명-중위 / 국제이동-중위 / 국내이동-중위),서울특별시,고령인구(천명): 65세+,1477,1546,1616,1692,1768,1853,1938,2000,2074,2127,2188,2243,2293,2348,2415,2475,2539,2595,2647,2693,2728,2754,2778,2799,2822
중위 추계(기본 추계: 출산율-중위 / 기대수명-중위 / 국제이동-중위 / 국내이동-중위),서울특별시,고령인구(천명): 65-69세,510,546,569,597,625,641,666,666,674,661,646,624,621,610,631,637,654,666,671,659,642,614,591,570,555
중위 추계(기본 추계: 출산율-중위 / 기대수명-중위 / 국제이동-중위 / 국내이동-중위),서울특별시,고령인구(천명): 70세+,967,1000,1047,1095,1143,1213,1272,1334,1400,1467,1542,1618,1673,1739,1784,1838,1885,1929,1976,2035,2085,2140,2187,2229,2266
중위 추계(기본 추계: 출산율-중위 / 기대수명-중위 / 국제이동-중위 / 국내이동-중위),서울특별시,고령인구(천명): 75세+,580,601,643,682,716,753,777,815,852,890,948,996,1047,1103,1159,1224,1290,1335,1391,1427,1470,1508,1542,1579,1626
중위 추계(기본 추계: 출산율-중위 / 기대수명-중위 / 국제이동-중위 / 국내이동-중위),서울특별시,고령인구(천명): 80세+,290,313,344,373,393,414,427,457,485,509,535,549,577,604,632,678,715,755,799,843,895,948,982,1026,1050
중위 추계(기본 추계: 출산율-중위 / 기대수명-중위 / 국제이동-중위 / 국내이동-중위),서울특별시,고령인구(천명): 85세+,114,125,138,150,165,179,194,214,232,243,255,260,280,297,311,328,335,354,372,390,423,448,476,507,538
중위 추계(기본 추계: 출산율-중위 / 기대수명-중위 / 국제이동-중위 / 국내이동-중위),서울특별시,- 구성비(%): 65세+,15.4,16.3,17.2,18.1,19.1,20.1,21.2,22,22.9,23.6,24.5,25.2,25.9,26.6,27.5,28.3,29.2,29.9,30.7,31.4,31.9,32.4,32.9,33.4,33.9
중위 추계(기본 추계: 출산율-중위 / 기대수명-중위 / 국제이동-중위 / 국내이동-중위),서울특별시,- 구성비(%): 65-69세,5.3,5.7,6,6.4,6.7,7,7.3,7.3,7.5,7.3,7.2,7,7,6.9,7.2,7.3,7.5,7.7,7.8,7.7,7.5,7.2,7,6.8,6.7
중위 추계(기본 추계: 출산율-중위 / 기대수명-중위 / 국제이동-중위 / 국내이동-중위),서울특별시,- 구성비(%): 70세+,10.1,10.5,11.1,11.7,12.3,13.2,13.9,14.7,15.5,16.3,17.2,18.2,18.9,19.7,20.3,21,21.6,22.2,22.9,23.7,24.4,25.2,25.9,26.6,27.2
중위 추계(기본 추계: 출산율-중위 / 기대수명-중위 / 국제이동-중위 / 국내이동-중위),서울특별시,- 구성비(%): 75세+,6,6.3,6.8,7.3,7.7,8.2,8.5,9,9.4,9.9,10.6,11.2,11.8,12.5,13.2,14,14.8,15.4,16.1,16.6,17.2,17.8,18.3,18.8,19.5
중위 추계(기본 추계: 출산율-중위 / 기대수명-중위 / 국제이동-중위 / 국내이동-중위),서울특별시,- 구성비(%): 80세+,3,3.3,3.7,4,4.2,4.5,4.7,5,5.4,5.7,6,6.2,6.5,6.9,7.2,7.7,8.2,8.7,9.3,9.8,10.5,11.2,11.6,12.2,12.6
중위 추계(기본 추계: 출산율-중위 / 기대수명-중위 / 국제이동-중위 / 국내이동-중위),서울특별시,- 구성비(%): 85세+,1.2,1.3,1.5,1.6,1.8,1.9,2.1,2.4,2.6,2.7,2.8,2.9,3.2,3.4,3.5,3.7,3.8,4.1,4.3,4.5,5,5.3,5.6,6,6.5
중위 추계(기본 추계: 출산율-중위 / 기대수명-중위 / 국제이동-중위 / 국내이동-중위),서울특별시,학령인구(천명): 계(6~21세),1295,1240,1194,1138,1099,1065,1029,995,961,923,880,845,814,781,752,726,707,688,672,664,662,665,673,682,692
중위 추계(기본 추계: 출산율-중위 / 기대수명-중위 / 국제이동-중위 / 국내이동-중위),서울특별시,학령인구(천명): 초등학교(6~11세),415,408,400,382,361,337,314,286,259,236,219,205,199,199,203,212,224,237,248,259,268,277,282,285,285
중위 추계(기본 추계: 출산율-중위 / 기대수명-중위 / 국제이동-중위 / 국내이동-중위),서울특별시,학령인구(천명): 중학교(12~14세),216,214,209,204,205,205,197,192,186,178,163,146,133,121,111,103,98,95,97,102,109,115,121,126,131
중위 추계(기본 추계: 출산율-중위 / 기대수명-중위 / 국제이동-중위 / 국내이동-중위),서울특별시,학령인구(천명): 고등학교(15~17세),225,215,209,212,212,207,203,204,205,197,192,186,178,164,147,134,122,112,105,99,96,98,103,110,116
중위 추계(기본 추계: 출산율-중위 / 기대수명-중위 / 국제이동-중위 / 국내이동-중위),서울특별시,학령인구(천명): 대학교(18~21세),439,403,376,339,322,316,315,313,312,312,307,307,304,298,290,277,264,245,222,204,189,176,166,161,160
중위 추계(기본 추계: 출산율-중위 / 기대수명-중위 / 국제이동-중위 / 국내이동-중위),서울특별시,청소년인구(천명): 9~24세,1519,1454,1409,1351,1305,1257,1205,1168,1136,1101,1069,1038,1003,961,927,897,864,833,805,783,761,741,729,725,725
중위 추계(기본 추계: 출산율-중위 / 기대수명-중위 / 국제이동-중위 / 국내이동-중위),서울특별시,- 구성비(%): 9~24세,15.8,15.3,15,14.5,14.1,13.6,13.2,12.8,12.6,12.2,11.9,11.7,11.3,10.9,10.6,10.3,9.9,9.6,9.3,9.1,8.9,8.7,8.6,8.6,8.7
중위 추계(기본 추계: 출산율-중위 / 기대수명-중위 / 국제이동-중위 / 국내이동-중위),서울특별시,청년인구(천명): 19~34세,2348,2309,2281,2257,2224,2187,2147,2096,2038,1979,1925,1868,1816,1763,1720,1675,1629,1597,1569,1536,1504,1471,1430,1380,1335
중위 추계(기본 추계: 출산율-중위 / 기대수명-중위 / 국제이동-중위 / 국내이동-중위),서울특별시,- 구성비(%): 19~34세,24.4,24.3,24.2,24.2,24,23.7,23.5,23,22.5,22,21.5,21,20.5,20,19.6,19.2,18.7,18.4,18.2,17.9,17.6,17.3,16.9,16.5,16
중위 추계(기본 추계: 출산율-중위 / 기대수명-중위 / 국제이동-중위 / 국내이동-중위),부산광역시,생산연령인구(천명): 계(15~64세),2368,2317,2268,2219,2170,2118,2067,2027,1985,1953,1920,1886,1851,1813,1770,1729,1686,1644,1602,1560,1523,1489,1456,1424,1391
중위 추계(기본 추계: 출산율-중위 / 기대수명-중위 / 국제이동-중위 / 국내이동-중위),부산광역시,생산연령인구(천명): 15~24세,370,348,329,313,299,285,276,273,272,270,271,272,270,262,255,246,233,219,206,192,178,166,157,151,147
중위 추계(기본 추계: 출산율-중위 / 기대수명-중위 / 국제이동-중위 / 국내이동-중위),부산광역시,생산연령인구(천명): 25~49세,1150,1128,1107,1084,1061,1043,1026,1005,980,956,925,894,867,845,827,812,800,790,779,766,753,740,721,700,678
중위 추계(기본 추계: 출산율-중위 / 기대수명-중위 / 국제이동-중위 / 국내이동-중위),부산광역시,생산연령인구(천명): 50~64세,848,842,833,822,810,791,765,749,732,727,723,719,715,706,689,671,652,635,617,602,591,583,579,573,566
중위 추계(기본 추계: 출산율-중위 / 기대수명-중위 / 국제이동-중위 / 국내이동-중위),부산광역시,- 구성비(%): 15~24세,11,10.4,10,9.6,9.2,8.9,8.7,8.7,8.7,8.7,8.8,8.9,8.9,8.7,8.5,8.3,7.9,7.5,7.1,6.7,6.3,5.9,5.7,5.5,5.4
중위 추계(기본 추계: 출산율-중위 / 기대수명-중위 / 국제이동-중위 / 국내이동-중위),부산광역시,- 구성비(%): 25~49세,34.3,33.9,33.5,33.2,32.8,32.5,32.3,31.9,31.3,30.8,30.1,29.3,28.6,28.1,27.7,27.4,27.3,27.1,27,26.8,26.6,26.4,26,25.6,25.1
중위 추계(기본 추계: 출산율-중위 / 기대수명-중위 / 국제이동-중위 / 국내이동-중위),부산광역시,- 구성비(%): 50~64세,25.3,25.3,25.2,25.2,25,24.6,24.1,23.8,23.4,23.4,23.5,23.6,23.6,23.5,23.1,22.7,22.2,21.8,21.4,21.1,20.9,20.8,20.9,20.9,20.9
중위 추계(기본 추계: 출산율-중위 / 기대수명-중위 / 국제이동-중위 / 국내이동-중위),부산광역시,고령인구(천명): 65세+,628,659,692,725,758,794,832,859,887,905,925,945,962,980,1002,1019,1037,1052,1066,1078,1085,1089,1091,1093,1095
중위 추계(기본 추계: 출산율-중위 / 기대수명-중위 / 국제이동-중위 / 국내이동-중위),부산광역시,고령인구(천명): 65-69세,218,233,243,254,266,271,282,281,282,272,260,247,242,236,244,245,247,249,248,242,236,226,217,210,204
중위 추계(기본 추계: 출산율-중위 / 기대수명-중위 / 국제이동-중위 / 국내이동-중위),부산광역시,고령인구(천명): 70세+,410,426,449,471,492,523,550,578,605,634,665,698,720,744,758,774,790,804,818,835,849,863,874,883,891
중위 추계(기본 추계: 출산율-중위 / 기대수명-중위 / 국제이동-중위 / 국내이동-중위),부산광역시,고령인구(천명): 75세+,249,255,271,288,304,321,333,351,368,384,409,431,454,476,499,525,553,571,590,600,611,623,632,642,655
중위 추계(기본 추계: 출산율-중위 / 기대수명-중위 / 국제이동-중위 / 국내이동-중위),부산광역시,고령인구(천명): 80세+,125,135,147,160,168,176,179,190,202,214,226,233,246,259,271,290,307,324,341,359,379,401,413,427,432
중위 추계(기본 추계: 출산율-중위 / 기대수명-중위 / 국제이동-중위 / 국내이동-중위),부산광역시,고령인구(천명): 85세+,49,53,59,64,70,76,82,90,97,101,106,106,113,120,128,135,139,148,156,163,177,188,200,211,223
중위 추계(기본 추계: 출산율-중위 / 기대수명-중위 / 국제이동-중위 / 국내이동-중위),부산광역시,- 구성비(%): 65세+,18.7,19.8,21,22.2,23.4,24.7,26.1,27.2,28.4,29.2,30.1,30.9,31.8,32.6,33.6,34.5,35.4,36.2,37,37.7,38.4,38.9,39.4,39.9,40.5
중위 추계(기본 추계: 출산율-중위 / 기대수명-중위 / 국제이동-중위 / 국내이동-중위),부산광역시,- 구성비(%): 65-69세,6.5,7,7.4,7.8,8.2,8.4,8.9,8.9,9,8.8,8.5,8.1,8,7.9,8.2,8.3,8.4,8.5,8.6,8.5,8.4,8.1,7.8,7.7,7.5
중위 추계(기본 추계: 출산율-중위 / 기대수명-중위 / 국제이동-중위 / 국내이동-중위),부산광역시,- 구성비(%): 70세+,12.2,12.8,13.6,14.4,15.2,16.3,17.3,18.3,19.4,20.4,21.6,22.8,23.8,24.8,25.4,26.2,26.9,27.6,28.4,29.3,30,30.8,31.6,32.3,32.9
중위 추계(기본 추계: 출산율-중위 / 기대수명-중위 / 국제이동-중위 / 국내이동-중위),부산광역시,- 구성비(%): 75세+,7.4,7.7,8.2,8.8,9.4,10,10.5,11.1,11.8,12.4,13.3,14.1,15,15.8,16.7,17.8,18.9,19.6,20.5,21,21.6,22.3,22.9,23.5,24.2
중위 추계(기본 추계: 출산율-중위 / 기대수명-중위 / 국제이동-중위 / 국내이동-중위),부산광역시,- 구성비(%): 80세+,3.7,4.1,4.5,4.9,5.2,5.5,5.6,6,6.5,6.9,7.3,7.6,8.1,8.6,9.1,9.8,10.5,11.1,11.8,12.6,13.4,14.3,14.9,15.6,16
중위 추계(기본 추계: 출산율-중위 / 기대수명-중위 / 국제이동-중위 / 국내이동-중위),부산광역시,- 구성비(%): 85세+,1.5,1.6,1.8,2,2.2,2.4,2.6,2.8,3.1,3.3,3.4,3.5,3.7,4,4.3,4.6,4.7,5.1,5.4,5.7,6.3,6.7,7.2,7.7,8.2
중위 추계(기본 추계: 출산율-중위 / 기대수명-중위 / 국제이동-중위 / 국내이동-중위),부산광역시,학령인구(천명): 계(6~21세),463,448,434,418,407,397,386,376,365,353,338,324,312,298,285,272,262,251,242,235,231,230,230,230,231
중위 추계(기본 추계: 출산율-중위 / 기대수명-중위 / 국제이동-중위 / 국내이동-중위),부산광역시,학령인구(천명): 초등학교(6~11세),156,157,157,152,145,136,127,116,104,94,86,81,77,76,76,77,80,83,86,88,90,92,93,93,92
중위 추계(기본 추계: 출산율-중위 / 기대수명-중위 / 국제이동-중위 / 국내이동-중위),부산광역시,학령인구(천명): 중학교(12~14세),75,76,76,77,78,80,78,77,75,73,67,59,53,48,44,41,38,36,36,37,39,41,42,44,45
중위 추계(기본 추계: 출산율-중위 / 기대수명-중위 / 국제이동-중위 / 국내이동-중위),부산광역시,학령인구(천명): 고등학교(15~17세),80,76,73,75,76,75,76,78,79,77,76,75,72,66,59,52,47,43,40,38,36,36,37,39,41
중위 추계(기본 추계: 출산율-중위 / 기대수명-중위 / 국제이동-중위 / 국내이동-중위),부산광역시,학령인구(천명): 대학교(18~21세),152,140,128,114,108,106,105,105,106,108,109,110,110,108,106,102,97,89,80,72,66,61,57,55,54
중위 추계(기본 추계: 출산율-중위 / 기대수명-중위 / 국제이동-중위 / 국내이동-중위),부산광역시,청소년인구(천명): 9~24세,522,503,486,468,455,441,427,417,408,396,386,376,363,348,335,323,308,295,283,272,261,251,245,241,239
중위 추계(기본 추계: 출산율-중위 / 기대수명-중위 / 국제이동-중위 / 국내이동-중위),부산광역시,- 구성비(%): 9~24세,15.6,15.1,14.7,14.3,14,13.7,13.4,13.2,13,12.8,12.5,12.3,12,11.6,11.2,10.9,10.5,10.1,9.8,9.5,9.2,9,8.8,8.8,8.8
중위 추계(기본 추계: 출산율-중위 / 기대수명-중위 / 국제이동-중위 / 국내이동-중위),부산광역시,청년인구(천명): 19~34세,678,663,647,630,611,591,573,554,535,517,504,490,478,466,457,447,436,428,418,406,395,384,370,354,341
중위 추계(기본 추계: 출산율-중위 / 기대수명-중위 / 국제이동-중위 / 국내이동-중위),부산광역시,- 구성비(%): 19~34세,20.2,19.9,19.6,19.3,18.9,18.4,18,17.6,17.1,16.7,16.4,16.1,15.8,15.5,15.3,15.1,14.9,14.7,14.5,14.2,14,13.7,13.4,12.9,12.6
중위 추계(기본 추계: 출산율-중위 / 기대수명-중위 / 국제이동-중위 / 국내이동-중위),대구광역시,생산연령인구(천명): 계(15~64세),1740,1705,1671,1642,1608,1572,1536,1506,1475,1448,1420,1392,1364,1332,1298,1265,1231,1198,1165,1133,1105,1079,1055,1032,1009
중위 추계(기본 추계: 출산율-중위 / 기대수명-중위 / 국제이동-중위 / 국내이동-중위),대구광역시,생산연령인구(천명): 15~24세,290,273,260,248,237,224,216,212,209,206,205,204,201,194,188,181,171,161,151,141,131,123,116,113,111
중위 추계(기본 추계: 출산율-중위 / 기대수명-중위 / 국제이동-중위 / 국내이동-중위),대구광역시,생산연령인구(천명): 25~49세,846,824,804,785,766,753,740,724,708,691,671,650,630,615,602,592,583,575,567,558,548,538,524,509,493
중위 추계(기본 추계: 출산율-중위 / 기대수명-중위 / 국제이동-중위 / 국내이동-중위),대구광역시,생산연령인구(천명): 50~64세,604,608,608,609,605,595,580,570,557,551,544,539,532,523,507,492,476,462,447,434,426,418,414,411,406
중위 추계(기본 추계: 출산율-중위 / 기대수명-중위 / 국제이동-중위 / 국내이동-중위),대구광역시,- 구성비(%): 15~24세,12,11.4,11,10.6,10.2,9.8,9.5,9.4,9.4,9.3,9.3,9.4,9.3,9.1,8.8,8.6,8.2,7.8,7.3,6.9,6.5,6.1,5.9,5.7,5.7
중위 추계(기본 추계: 출산율-중위 / 기대수명-중위 / 국제이동-중위 / 국내이동-중위),대구광역시,- 구성비(%): 25~49세,35,34.5,34,33.5,33.1,32.8,32.5,32.1,31.7,31.2,30.5,29.8,29.2,28.7,28.3,28,27.9,27.7,27.6,27.3,27.1,26.9,26.5,26,25.4
중위 추계(기본 추계: 출산율-중위 / 기대수명-중위 / 국제이동-중위 / 국내이동-중위),대구광역시,- 구성비(%): 50~64세,25,25.5,25.7,26,26.1,25.9,25.5,25.3,24.9,24.9,24.8,24.7,24.6,24.4,23.8,23.3,22.8,22.2,21.7,21.3,21.1,20.9,20.9,21,20.9
중위 추계(기본 추계: 출산율-중위 / 기대수명-중위 / 국제이동-중위 / 국내이동-중위),대구광역시,고령인구(천명): 65세+,388,407,426,445,467,492,518,539,560,576,594,611,627,644,663,679,695,709,722,733,741,746,751,753,756
중위 추계(기본 추계: 출산율-중위 / 기대수명-중위 / 국제이동-중위 / 국내이동-중위),대구광역시,고령인구(천명): 65-69세,132,141,147,152,162,170,180,183,189,186,182,176,175,173,179,180,182,182,181,177,171,164,157,150,145
중위 추계(기본 추계: 출산율-중위 / 기대수명-중위 / 국제이동-중위 / 국내이동-중위),대구광역시,고령인구(천명): 70세+,256,265,279,294,305,322,338,355,371,390,412,435,452,471,484,499,513,527,541,557,570,583,594,603,611
중위 추계(기본 추계: 출산율-중위 / 기대수명-중위 / 국제이동-중위 / 국내이동-중위),대구광역시,고령인구(천명): 75세+,161,163,172,181,192,201,207,219,230,239,253,266,279,293,309,327,347,361,376,386,398,409,420,430,442
중위 추계(기본 추계: 출산율-중위 / 기대수명-중위 / 국제이동-중위 / 국내이동-중위),대구광역시,고령인구(천명): 80세+,84,90,98,106,111,115,115,121,128,135,141,146,154,163,169,180,190,201,211,223,238,254,264,276,283
중위 추계(기본 추계: 출산율-중위 / 기대수명-중위 / 국제이동-중위 / 국내이동-중위),대구광역시,고령인구(천명): 85세+,33,37,41,44,48,52,55,60,65,68,69,68,72,76,81,85,87,93,99,103,111,118,125,132,141
중위 추계(기본 추계: 출산율-중위 / 기대수명-중위 / 국제이동-중위 / 국내이동-중위),대구광역시,- 구성비(%): 65세+,16.1,17,18,19,20.2,21.4,22.8,23.9,25.1,26,27,28,29,30,31.2,32.2,33.2,34.2,35.1,36,36.7,37.3,37.9,38.4,39
중위 추계(기본 추계: 출산율-중위 / 기대수명-중위 / 국제이동-중위 / 국내이동-중위),대구광역시,- 구성비(%): 65-69세,5.5,5.9,6.2,6.5,7,7.4,7.9,8.1,8.5,8.4,8.3,8.1,8.1,8.1,8.4,8.5,8.7,8.8,8.8,8.7,8.5,8.2,7.9,7.7,7.5
중위 추계(기본 추계: 출산율-중위 / 기대수명-중위 / 국제이동-중위 / 국내이동-중위),대구광역시,- 구성비(%): 70세+,10.6,11.1,11.8,12.5,13.2,14,14.9,15.8,16.6,17.6,18.7,19.9,20.9,22,22.7,23.6,24.5,25.4,26.3,27.3,28.2,29.1,30,30.8,31.5
중위 추계(기본 추계: 출산율-중위 / 기대수명-중위 / 국제이동-중위 / 국내이동-중위),대구광역시,- 구성비(%): 75세+,6.7,6.8,7.3,7.7,8.3,8.7,9.1,9.7,10.3,10.8,11.5,12.2,12.9,13.7,14.5,15.5,16.6,17.4,18.3,18.9,19.7,20.5,21.2,21.9,22.8
중위 추계(기본 추계: 출산율-중위 / 기대수명-중위 / 국제이동-중위 / 국내이동-중위),대구광역시,- 구성비(%): 80세+,3.5,3.8,4.1,4.5,4.8,5,5.1,5.4,5.7,6.1,6.4,6.7,7.1,7.6,7.9,8.5,9.1,9.7,10.3,11,11.8,12.7,13.4,14.1,14.6
중위 추계(기본 추계: 출산율-중위 / 기대수명-중위 / 국제이동-중위 / 국내이동-중위),대구광역시,- 구성비(%): 85세+,1.4,1.5,1.7,1.9,2.1,2.3,2.4,2.7,2.9,3.1,3.2,3.1,3.3,3.6,3.8,4,4.2,4.5,4.8,5,5.5,5.9,6.3,6.7,7.2
중위 추계(기본 추계: 출산율-중위 / 기대수명-중위 / 국제이동-중위 / 국내이동-중위),대구광역시,학령인구(천명): 계(6~21세),375,363,351,336,326,315,305,295,285,274,262,251,241,230,220,211,204,196,189,185,182,181,181,182,183
중위 추계(기본 추계: 출산율-중위 / 기대수명-중위 / 국제이동-중위 / 국내이동-중위),대구광역시,학령인구(천명): 초등학교(6~11세),124,123,123,119,113,106,99,90,82,74,68,64,61,60,61,62,64,67,69,71,72,74,74,74,74
중위 추계(기본 추계: 출산율-중위 / 기대수명-중위 / 국제이동-중위 / 국내이동-중위),대구광역시,학령인구(천명): 중학교(12~14세),64,63,62,61,62,63,61,60,59,57,52,47,42,38,35,32,30,29,29,30,32,33,34,35,36
중위 추계(기본 추계: 출산율-중위 / 기대수명-중위 / 국제이동-중위 / 국내이동-중위),대구광역시,학령인구(천명): 고등학교(15~17세),68,64,62,63,62,61,61,62,62,60,59,58,56,51,46,41,37,34,32,30,29,29,30,31,33
중위 추계(기본 추계: 출산율-중위 / 기대수명-중위 / 국제이동-중위 / 국내이동-중위),대구광역시,학령인구(천명): 대학교(18~21세),120,112,104,94,88,85,84,83,83,83,82,83,83,81,79,76,72,66,60,54,49,46,43,42,41
중위 추계(기본 추계: 출산율-중위 / 기대수명-중위 / 국제이동-중위 / 국내이동-중위),대구광역시,청소년인구(천명): 9~24세,416,399,385,371,359,347,334,324,314,304,295,285,275,262,252,242,232,222,213,205,198,192,187,185,184
중위 추계(기본 추계: 출산율-중위 / 기대수명-중위 / 국제이동-중위 / 국내이동-중위),대구광역시,- 구성비(%): 9~24세,17.2,16.7,16.3,15.8,15.5,15.1,14.7,14.4,14.1,13.7,13.4,13.1,12.7,12.2,11.8,11.5,11.1,10.7,10.3,10.1,9.8,9.6,9.5,9.4,9.5
중위 추계(기본 추계: 출산율-중위 / 기대수명-중위 / 국제이동-중위 / 국내이동-중위),대구광역시,청년인구(천명): 19~34세,496,484,472,461,448,434,421,407,393,379,368,357,348,338,330,321,311,304,296,287,279,270,261,250,240
중위 추계(기본 추계: 출산율-중위 / 기대수명-중위 / 국제이동-중위 / 국내이동-중위),대구광역시,- 구성비(%): 19~34세,20.5,20.3,20,19.7,19.3,18.9,18.5,18.1,17.6,17.1,16.8,16.4,16.1,15.7,15.5,15.2,14.9,14.6,14.4,14.1,13.8,13.5,13.2,12.7,12.4
중위 추계(기본 추계: 출산율-중위 / 기대수명-중위 / 국제이동-중위 / 국내이동-중위),인천광역시,생산연령인구(천명): 계(15~64세),2185,2161,2161,2145,2126,2102,2079,2061,2038,2021,2001,1981,1959,1934,1903,1873,1839,1807,1773,1741,1712,1686,1662,1637,1612
중위 추계(기본 추계: 출산율-중위 / 기대수명-중위 / 국제이동-중위 / 국내이동-중위),인천광역시,생산연령인구(천명): 15~24세,327,311,301,293,286,278,274,272,271,269,269,269,265,256,249,240,228,215,203,191,179,169,162,158,156
중위 추계(기본 추계: 출산율-중위 / 기대수명-중위 / 국제이동-중위 / 국내이동-중위),인천광역시,생산연령인구(천명): 25~49세,1130,1109,1108,1093,1080,1070,1062,1051,1038,1024,1003,982,962,947,934,924,916,908,900,890,879,866,847,825,804
중위 추계(기본 추계: 출산율-중위 / 기대수명-중위 / 국제이동-중위 / 국내이동-중위),인천광역시,생산연령인구(천명): 50~64세,729,741,753,759,761,754,743,738,729,729,728,730,733,731,720,709,696,683,670,660,654,651,653,653,653
중위 추계(기본 추계: 출산율-중위 / 기대수명-중위 / 국제이동-중위 / 국내이동-중위),인천광역시,- 구성비(%): 15~24세,11.1,10.6,10.1,9.9,9.7,9.4,9.2,9.2,9.2,9.1,9.1,9.1,8.9,8.6,8.4,8.1,7.7,7.3,6.9,6.5,6.1,5.7,5.5,5.4,5.4
중위 추계(기본 추계: 출산율-중위 / 기대수명-중위 / 국제이동-중위 / 국내이동-중위),인천광역시,- 구성비(%): 25~49세,38.3,37.7,37.4,36.9,36.5,36.2,35.9,35.5,35,34.5,33.8,33.1,32.4,31.9,31.5,31.1,30.9,30.7,30.4,30.1,29.8,29.4,28.9,28.3,27.6
중위 추계(기본 추계: 출산율-중위 / 기대수명-중위 / 국제이동-중위 / 국내이동-중위),인천광역시,- 구성비(%): 50~64세,24.7,25.2,25.4,25.6,25.7,25.5,25.1,24.9,24.6,24.6,24.6,24.6,24.7,24.6,24.3,23.9,23.5,23.1,22.7,22.3,22.2,22.2,22.3,22.4,22.4
중위 추계(기본 추계: 출산율-중위 / 기대수명-중위 / 국제이동-중위 / 국내이동-중위),인천광역시,고령인구(천명): 65세+,398,423,451,482,514,551,590,621,656,683,714,742,769,796,827,855,885,911,937,960,980,995,1009,1024,1037
중위 추계(기본 추계: 출산율-중위 / 기대수명-중위 / 국제이동-중위 / 국내이동-중위),인천광역시,고령인구(천명): 65-69세,137,152,165,180,195,209,225,233,241,239,238,232,231,227,236,237,242,247,250,246,242,234,226,220,216
중위 추계(기본 추계: 출산율-중위 / 기대수명-중위 / 국제이동-중위 / 국내이동-중위),인천광역시,고령인구(천명): 70세+,261,271,287,302,319,343,365,389,416,444,477,511,538,569,591,618,642,664,687,714,737,762,783,804,822
중위 추계(기본 추계: 출산율-중위 / 기대수명-중위 / 국제이동-중위 / 국내이동-중위),인천광역시,고령인구(천명): 75세+,162,167,179,190,201,212,219,232,245,258,278,297,317,339,364,391,421,443,469,487,509,528,545,562,584
중위 추계(기본 추계: 출산율-중위 / 기대수명-중위 / 국제이동-중위 / 국내이동-중위),인천광역시,고령인구(천명): 80세+,87,93,101,109,115,120,124,132,141,148,156,161,171,180,190,206,221,237,255,274,296,320,337,357,369
중위 추계(기본 추계: 출산율-중위 / 기대수명-중위 / 국제이동-중위 / 국내이동-중위),인천광역시,고령인구(천명): 85세+,37,41,44,48,52,56,60,65,70,74,77,78,84,89,94,99,102,108,114,121,133,143,154,167,181
중위 추계(기본 추계: 출산율-중위 / 기대수명-중위 / 국제이동-중위 / 국내이동-중위),인천광역시,- 구성비(%): 65세+,13.5,14.4,15.2,16.3,17.4,18.6,19.9,21,22.2,23.1,24.1,25,25.9,26.8,27.9,28.8,29.8,30.8,31.7,32.5,33.2,33.9,34.4,35.1,35.7
중위 추계(기본 추계: 출산율-중위 / 기대수명-중위 / 국제이동-중위 / 국내이동-중위),인천광역시,- 구성비(%): 65-69세,4.6,5.2,5.6,6.1,6.6,7,7.6,7.9,8.1,8.1,8,7.8,7.8,7.7,7.9,8,8.2,8.3,8.4,8.3,8.2,7.9,7.7,7.5,7.4
중위 추계(기본 추계: 출산율-중위 / 기대수명-중위 / 국제이동-중위 / 국내이동-중위),인천광역시,- 구성비(%): 70세+,8.8,9.2,9.7,10.2,10.8,11.6,12.3,13.1,14,15,16.1,17.2,18.1,19.2,19.9,20.8,21.7,22.4,23.2,24.2,25,25.9,26.7,27.5,28.2
중위 추계(기본 추계: 출산율-중위 / 기대수명-중위 / 국제이동-중위 / 국내이동-중위),인천광역시,- 구성비(%): 75세+,5.5,5.7,6.1,6.4,6.8,7.2,7.4,7.8,8.3,8.7,9.4,10,10.7,11.4,12.3,13.2,14.2,15,15.9,16.5,17.3,18,18.6,19.3,20.1
중위 추계(기본 추계: 출산율-중위 / 기대수명-중위 / 국제이동-중위 / 국내이동-중위),인천광역시,- 구성비(%): 80세+,3,3.2,3.4,3.7,3.9,4.1,4.2,4.5,4.7,5,5.3,5.4,5.7,6.1,6.4,6.9,7.4,8,8.6,9.3,10.1,10.9,11.5,12.2,12.7
중위 추계(기본 추계: 출산율-중위 / 기대수명-중위 / 국제이동-중위 / 국내이동-중위),인천광역시,- 구성비(%): 85세+,1.3,1.4,1.5,1.6,1.8,1.9,2,2.2,2.4,2.5,2.6,2.6,2.8,3,3.2,3.3,3.4,3.6,3.9,4.1,4.5,4.9,5.3,5.7,6.2
중위 추계(기본 추계: 출산율-중위 / 기대수명-중위 / 국제이동-중위 / 국내이동-중위),인천광역시,학령인구(천명): 계(6~21세),447,439,432,421,412,403,392,382,371,359,344,331,319,306,295,285,277,269,262,258,257,257,259,262,265
중위 추계(기본 추계: 출산율-중위 / 기대수명-중위 / 국제이동-중위 / 국내이동-중위),인천광역시,학령인구(천명): 초등학교(6~11세),159,158,158,152,144,136,128,117,107,98,92,86,84,83,84,87,91,95,98,102,104,107,108,109,109
중위 추계(기본 추계: 출산율-중위 / 기대수명-중위 / 국제이동-중위 / 국내이동-중위),인천광역시,학령인구(천명): 중학교(12~14세),79,80,80,80,81,82,79,77,75,72,66,60,55,50,46,43,41,40,41,42,44,47,49,50,52
중위 추계(기본 추계: 출산율-중위 / 기대수명-중위 / 국제이동-중위 / 국내이동-중위),인천광역시,학령인구(천명): 고등학교(15~17세),79,77,76,79,80,80,79,81,81,78,77,75,72,66,60,55,50,46,44,42,40,41,42,45,47
중위 추계(기본 추계: 출산율-중위 / 기대수명-중위 / 국제이동-중위 / 국내이동-중위),인천광역시,학령인구(천명): 대학교(18~21세),130,124,117,110,107,106,107,108,108,110,109,109,108,106,104,99,94,88,80,73,68,63,60,58,58
중위 추계(기본 추계: 출산율-중위 / 기대수명-중위 / 국제이동-중위 / 국내이동-중위),인천광역시,청소년인구(천명): 9~24세,485,472,463,452,444,435,425,416,407,396,386,375,363,348,335,324,311,300,290,282,274,267,264,262,263
중위 추계(기본 추계: 출산율-중위 / 기대수명-중위 / 국제이동-중위 / 국내이동-중위),인천광역시,- 구성비(%): 9~24세,16.4,16.1,15.6,15.3,15,14.7,14.3,14,13.7,13.4,13,12.7,12.2,11.7,11.3,10.9,10.5,10.1,9.8,9.5,9.3,9.1,9,9,9
중위 추계(기본 추계: 출산율-중위 / 기대수명-중위 / 국제이동-중위 / 국내이동-중위),인천광역시,청년인구(천명): 19~34세,634,618,614,606,595,584,572,560,545,531,520,509,497,486,476,466,454,444,436,425,415,405,393,378,366
중위 추계(기본 추계: 출산율-중위 / 기대수명-중위 / 국제이동-중위 / 국내이동-중위),인천광역시,- 구성비(%): 19~34세,21.5,21,20.7,20.5,20.1,19.7,19.3,18.9,18.4,17.9,17.5,17.2,16.8,16.4,16.1,15.7,15.3,15,14.7,14.4,14.1,13.8,13.4,13,12.6
중위 추계(기본 추계: 출산율-중위 / 기대수명-중위 / 국제이동-중위 / 국내이동-중위),광주광역시,생산연령인구(천명): 계(15~64세),1078,1065,1056,1045,1032,1017,1002,990,976,964,951,936,921,904,885,866,846,827,807,787,770,755,739,725,711
중위 추계(기본 추계: 출산율-중위 / 기대수명-중위 / 국제이동-중위 / 국내이동-중위),광주광역시,생산연령인구(천명): 15~24세,199,188,179,171,164,156,151,149,148,146,144,143,140,136,131,126,120,113,106,100,94,89,85,83,82
중위 추계(기본 추계: 출산율-중위 / 기대수명-중위 / 국제이동-중위 / 국내이동-중위),광주광역시,생산연령인구(천명): 25~49세,546,536,531,523,515,509,503,494,485,476,464,452,440,431,424,418,413,409,405,399,393,387,378,367,356
중위 추계(기본 추계: 출산율-중위 / 기대수명-중위 / 국제이동-중위 / 국내이동-중위),광주광역시,생산연령인구(천명): 50~64세,334,341,347,351,353,351,347,347,343,343,343,341,340,337,330,322,313,305,296,288,283,279,277,275,273
중위 추계(기본 추계: 출산율-중위 / 기대수명-중위 / 국제이동-중위 / 국내이동-중위),광주광역시,- 구성비(%): 15~24세,13.5,12.8,12.3,11.8,11.3,10.9,10.6,10.5,10.4,10.3,10.3,10.3,10.1,9.8,9.6,9.2,8.8,8.4,7.9,7.5,7.1,6.7,6.5,6.4,6.4
중위 추계(기본 추계: 출산율-중위 / 기대수명-중위 / 국제이동-중위 / 국내이동-중위),광주광역시,- 구성비(%): 25~49세,36.9,36.5,36.3,35.9,35.6,35.4,35.2,34.7,34.3,33.8,33.1,32.4,31.8,31.3,30.9,30.6,30.4,30.3,30.2,30,29.7,29.5,29,28.4,27.7
중위 추계(기본 추계: 출산율-중위 / 기대수명-중위 / 국제이동-중위 / 국내이동-중위),광주광역시,- 구성비(%): 50~64세,22.5,23.2,23.7,24.1,24.4,24.4,24.2,24.4,24.3,24.4,24.5,24.4,24.5,24.5,24,23.6,23.1,22.6,22.1,21.6,21.4,21.3,21.2,21.3,21.3
중위 추계(기본 추계: 출산율-중위 / 기대수명-중위 / 국제이동-중위 / 국내이동-중위),광주광역시,고령인구(천명): 65세+,204,213,223,234,247,261,275,286,299,308,319,331,341,352,365,375,387,397,407,417,424,429,434,439,444
중위 추계(기본 추계: 출산율-중위 / 기대수명-중위 / 국제이동-중위 / 국내이동-중위),광주광역시,고령인구(천명): 65-69세,65,69,72,78,84,90,97,99,102,101,99,98,100,100,104,106,108,109,111,109,107,102,100,96,93
중위 추계(기본 추계: 출산율-중위 / 기대수명-중위 / 국제이동-중위 / 국내이동-중위),광주광역시,고령인구(천명): 70세+,139,144,151,156,162,171,179,187,197,207,220,232,241,252,260,269,279,288,297,308,317,327,335,343,351
중위 추계(기본 추계: 출산율-중위 / 기대수명-중위 / 국제이동-중위 / 국내이동-중위),광주광역시,고령인구(천명): 75세+,87,89,95,100,105,110,114,119,123,128,135,141,148,156,165,175,186,193,202,208,216,224,230,238,246
중위 추계(기본 추계: 출산율-중위 / 기대수명-중위 / 국제이동-중위 / 국내이동-중위),광주광역시,고령인구(천명): 80세+,46,49,54,58,60,62,64,68,72,75,79,81,85,88,91,96,101,106,112,119,128,136,142,149,153
중위 추계(기본 추계: 출산율-중위 / 기대수명-중위 / 국제이동-중위 / 국내이동-중위),광주광역시,고령인구(천명): 85세+,19,21,23,25,27,29,31,34,36,37,38,39,42,44,46,48,49,52,53,55,59,62,66,70,75
중위 추계(기본 추계: 출산율-중위 / 기대수명-중위 / 국제이동-중위 / 국내이동-중위),광주광역시,- 구성비(%): 65세+,13.8,14.5,15.2,16.1,17,18.1,19.2,20.1,21.1,21.9,22.8,23.7,24.6,25.5,26.6,27.5,28.5,29.4,30.4,31.3,32,32.7,33.3,33.9,34.6
중위 추계(기본 추계: 출산율-중위 / 기대수명-중위 / 국제이동-중위 / 국내이동-중위),광주광역시,- 구성비(%): 65-69세,4.4,4.7,4.9,5.4,5.8,6.2,6.7,6.9,7.2,7.2,7.1,7.1,7.2,7.2,7.6,7.8,8,8.1,8.3,8.2,8.1,7.8,7.6,7.4,7.3
중위 추계(기본 추계: 출산율-중위 / 기대수명-중위 / 국제이동-중위 / 국내이동-중위),광주광역시,- 구성비(%): 70세+,9.4,9.8,10.3,10.7,11.2,11.9,12.5,13.1,13.9,14.7,15.7,16.7,17.4,18.3,19,19.7,20.6,21.3,22.1,23.1,23.9,24.9,25.7,26.5,27.3
중위 추계(기본 추계: 출산율-중위 / 기대수명-중위 / 국제이동-중위 / 국내이동-중위),광주광역시,- 구성비(%): 75세+,5.9,6.1,6.5,6.9,7.3,7.6,8,8.4,8.7,9.1,9.6,10.1,10.6,11.3,12,12.8,13.7,14.3,15.1,15.6,16.3,17,17.7,18.4,19.2
중위 추계(기본 추계: 출산율-중위 / 기대수명-중위 / 국제이동-중위 / 국내이동-중위),광주광역시,- 구성비(%): 80세+,3.1,3.3,3.7,4,4.1,4.3,4.5,4.8,5.1,5.3,5.6,5.8,6.1,6.3,6.6,7,7.4,7.8,8.4,9,9.7,10.4,10.9,11.5,11.9
중위 추계(기본 추계: 출산율-중위 / 기대수명-중위 / 국제이동-중위 / 국내이동-중위),광주광역시,- 구성비(%): 85세+,1.3,1.4,1.6,1.7,1.8,2,2.1,2.4,2.5,2.6,2.7,2.8,3,3.2,3.3,3.5,3.6,3.8,4,4.1,4.5,4.7,5.1,5.4,5.9
중위 추계(기본 추계: 출산율-중위 / 기대수명-중위 / 국제이동-중위 / 국내이동-중위),광주광역시,학령인구(천명): 계(6~21세),261,251,242,232,225,219,212,206,200,192,184,177,170,163,156,151,146,142,138,135,134,134,135,135,136
중위 추계(기본 추계: 출산율-중위 / 기대수명-중위 / 국제이동-중위 / 국내이동-중위),광주광역시,학령인구(천명): 초등학교(6~11세),87,85,84,81,77,72,67,62,57,53,50,47,46,45,45,46,48,50,51,53,54,55,55,55,55
중위 추계(기본 추계: 출산율-중위 / 기대수명-중위 / 국제이동-중위 / 국내이동-중위),광주광역시,학령인구(천명): 중학교(12~14세),45,45,44,43,44,44,42,41,40,38,35,32,29,27,25,24,22,21,22,22,23,24,25,26,27
중위 추계(기본 추계: 출산율-중위 / 기대수명-중위 / 국제이동-중위 / 국내이동-중위),광주광역시,학령인구(천명): 고등학교(15~17세),46,44,43,44,44,43,43,43,44,42,41,39,38,35,31,28,27,25,24,22,21,21,22,23,24
중위 추계(기본 추계: 출산율-중위 / 기대수명-중위 / 국제이동-중위 / 국내이동-중위),광주광역시,학령인구(천명): 대학교(18~21세),83,76,70,64,61,60,59,59,59,59,58,58,58,56,55,52,49,46,41,38,36,34,32,31,30
중위 추계(기본 추계: 출산율-중위 / 기대수명-중위 / 국제이동-중위 / 국내이동-중위),광주광역시,청소년인구(천명): 9~24세,288,277,267,257,249,240,232,226,220,213,207,201,193,185,178,172,164,158,152,148,144,140,137,136,136
중위 추계(기본 추계: 출산율-중위 / 기대수명-중위 / 국제이동-중위 / 국내이동-중위),광주광역시,- 구성비(%): 9~24세,19.4,18.9,18.3,17.7,17.2,16.7,16.2,15.9,15.5,15.1,14.8,14.4,13.9,13.4,13,12.6,12.1,11.7,11.4,11.1,10.9,10.6,10.5,10.5,10.6
중위 추계(기본 추계: 출산율-중위 / 기대수명-중위 / 국제이동-중위 / 국내이동-중위),광주광역시,청년인구(천명): 19~34세,327,322,318,314,308,302,295,288,279,270,263,255,249,241,235,229,222,217,211,205,200,194,187,180,174
중위 추계(기본 추계: 출산율-중위 / 기대수명-중위 / 국제이동-중위 / 국내이동-중위),광주광역시,- 구성비(%): 19~34세,22.1,21.9,21.8,21.6,21.3,21,20.6,20.2,19.7,19.2,18.8,18.3,17.9,17.5,17.1,16.8,16.4,16.1,15.8,15.4,15.1,14.8,14.4,13.9,13.5
중위 추계(기본 추계: 출산율-중위 / 기대수명-중위 / 국제이동-중위 / 국내이동-중위),대전광역시,생산연령인구(천명): 계(15~64세),1100,1083,1071,1056,1039,1021,1001,987,971,959,944,931,917,901,881,864,846,829,811,794,779,765,752,739,727
중위 추계(기본 추계: 출산율-중위 / 기대수명-중위 / 국제이동-중위 / 국내이동-중위),대전광역시,생산연령인구(천명): 15~24세,211,199,189,179,168,158,150,145,144,141,140,139,136,132,127,123,117,111,104,99,93,88,84,82,81
중위 추계(기본 추계: 출산율-중위 / 기대수명-중위 / 국제이동-중위 / 국내이동-중위),대전광역시,생산연령인구(천명): 25~49세,546,538,534,528,521,517,514,507,497,488,477,465,455,447,440,435,430,426,422,417,412,406,398,388,377
중위 추계(기본 추계: 출산율-중위 / 기대수명-중위 / 국제이동-중위 / 국내이동-중위),대전광역시,생산연령인구(천명): 50~64세,343,346,348,350,350,345,338,335,330,330,327,327,325,322,314,307,299,292,285,278,274,271,270,270,268
중위 추계(기본 추계: 출산율-중위 / 기대수명-중위 / 국제이동-중위 / 국내이동-중위),대전광역시,- 구성비(%): 15~24세,14.1,13.5,12.8,12.2,11.6,11,10.5,10.2,10.2,10.1,10,10,9.8,9.5,9.3,9,8.6,8.1,7.7,7.3,6.9,6.6,6.3,6.2,6.2
중위 추계(기본 추계: 출산율-중위 / 기대수명-중위 / 국제이동-중위 / 국내이동-중위),대전광역시,- 구성비(%): 25~49세,36.6,36.4,36.3,36.1,35.9,35.9,36,35.7,35.2,34.8,34.2,33.5,32.9,32.4,32,31.8,31.6,31.4,31.2,31,30.8,30.5,30.1,29.5,28.9
중위 추계(기본 추계: 출산율-중위 / 기대수명-중위 / 국제이동-중위 / 국내이동-중위),대전광역시,- 구성비(%): 50~64세,23,23.4,23.7,24,24.2,24,23.7,23.6,23.4,23.5,23.4,23.5,23.5,23.3,22.8,22.4,21.9,21.5,21,20.6,20.5,20.3,20.4,20.5,20.5
중위 추계(기본 추계: 출산율-중위 / 기대수명-중위 / 국제이동-중위 / 국내이동-중위),대전광역시,고령인구(천명): 65세+,206,217,229,241,254,269,285,297,309,318,330,340,350,361,374,385,397,407,417,426,433,438,443,448,452
중위 추계(기본 추계: 출산율-중위 / 기대수명-중위 / 국제이동-중위 / 국내이동-중위),대전광역시,고령인구(천명): 65-69세,70,76,81,86,91,96,102,104,106,104,102,98,98,98,104,104,107,108,109,107,105,101,98,94,91
중위 추계(기본 추계: 출산율-중위 / 기대수명-중위 / 국제이동-중위 / 국내이동-중위),대전광역시,고령인구(천명): 70세+,136,141,148,155,162,173,183,193,203,214,228,242,253,264,271,281,289,298,307,319,328,337,346,354,361
중위 추계(기본 추계: 출산율-중위 / 기대수명-중위 / 국제이동-중위 / 국내이동-중위),대전광역시,고령인구(천명): 75세+,86,88,93,97,102,108,111,117,123,129,138,146,154,163,172,184,196,205,214,220,228,235,241,248,258
중위 추계(기본 추계: 출산율-중위 / 기대수명-중위 / 국제이동-중위 / 국내이동-중위),대전광역시,고령인구(천명): 80세+,46,49,53,57,60,62,63,67,70,74,78,80,85,89,93,100,106,113,120,128,137,147,153,160,164
중위 추계(기본 추계: 출산율-중위 / 기대수명-중위 / 국제이동-중위 / 국내이동-중위),대전광역시,고령인구(천명): 85세+,20,21,23,25,27,29,31,34,36,38,39,39,42,44,46,49,50,53,55,58,64,68,73,78,83
중위 추계(기본 추계: 출산율-중위 / 기대수명-중위 / 국제이동-중위 / 국내이동-중위),대전광역시,- 구성비(%): 65세+,13.8,14.7,15.5,16.5,17.5,18.7,20,20.9,21.9,22.7,23.6,24.4,25.3,26.2,27.3,28.1,29.1,29.9,30.8,31.6,32.3,32.9,33.5,34,34.6
중위 추계(기본 추계: 출산율-중위 / 기대수명-중위 / 국제이동-중위 / 국내이동-중위),대전광역시,- 구성비(%): 65-69세,4.7,5.2,5.5,5.9,6.3,6.7,7.2,7.3,7.5,7.4,7.3,7,7,7.1,7.5,7.6,7.9,8,8.1,8,7.8,7.6,7.4,7.2,7
중위 추계(기본 추계: 출산율-중위 / 기대수명-중위 / 국제이동-중위 / 국내이동-중위),대전광역시,- 구성비(%): 70세+,9.1,9.5,10.1,10.6,11.2,12,12.8,13.6,14.4,15.3,16.3,17.4,18.3,19.1,19.7,20.5,21.2,22,22.7,23.7,24.5,25.3,26.1,26.9,27.6
중위 추계(기본 추계: 출산율-중위 / 기대수명-중위 / 국제이동-중위 / 국내이동-중위),대전광역시,- 구성비(%): 75세+,5.8,5.9,6.3,6.7,7.1,7.5,7.8,8.3,8.7,9.2,9.9,10.5,11.1,11.8,12.5,13.4,14.4,15.1,15.8,16.3,17,17.6,18.2,18.9,19.7
중위 추계(기본 추계: 출산율-중위 / 기대수명-중위 / 국제이동-중위 / 국내이동-중위),대전광역시,- 구성비(%): 80세+,3.1,3.3,3.6,3.9,4.1,4.3,4.4,4.7,5,5.3,5.6,5.8,6.1,6.4,6.8,7.3,7.8,8.3,8.9,9.5,10.2,11,11.6,12.2,12.5
중위 추계(기본 추계: 출산율-중위 / 기대수명-중위 / 국제이동-중위 / 국내이동-중위),대전광역시,- 구성비(%): 85세+,1.3,1.4,1.6,1.7,1.9,2,2.2,2.4,2.6,2.7,2.8,2.8,3,3.2,3.4,3.5,3.7,3.9,4.1,4.3,4.8,5.1,5.5,5.9,6.4
중위 추계(기본 추계: 출산율-중위 / 기대수명-중위 / 국제이동-중위 / 국내이동-중위),대전광역시,학령인구(천명): 계(6~21세),258,246,233,219,210,203,195,189,183,176,168,161,156,149,144,139,136,132,129,127,127,127,128,129,130
중위 추계(기본 추계: 출산율-중위 / 기대수명-중위 / 국제이동-중위 / 국내이동-중위),대전광역시,학령인구(천명): 초등학교(6~11세),81,79,78,74,70,65,61,56,51,47,44,42,41,41,42,43,45,47,49,50,52,53,54,54,53
중위 추계(기본 추계: 출산율-중위 / 기대수명-중위 / 국제이동-중위 / 국내이동-중위),대전광역시,학령인구(천명): 중학교(12~14세),42,42,41,40,40,40,38,37,36,34,31,28,25,23,22,21,20,19,20,20,22,23,24,24,25
중위 추계(기본 추계: 출산율-중위 / 기대수명-중위 / 국제이동-중위 / 국내이동-중위),대전광역시,학령인구(천명): 고등학교(15~17세),44,42,40,41,41,40,39,39,39,38,37,35,34,31,28,25,23,22,21,20,19,20,20,21,22
중위 추계(기본 추계: 출산율-중위 / 기대수명-중위 / 국제이동-중위 / 국내이동-중위),대전광역시,학령인구(천명): 대학교(18~21세),91,83,74,64,59,58,58,57,57,57,56,56,55,54,52,50,47,44,40,36,34,32,31,30,29
중위 추계(기본 추계: 출산율-중위 / 기대수명-중위 / 국제이동-중위 / 국내이동-중위),대전광역시,청소년인구(천명): 9~24세,293,282,270,257,246,234,222,214,208,201,195,189,183,175,169,163,157,152,147,143,139,136,134,133,133
중위 추계(기본 추계: 출산율-중위 / 기대수명-중위 / 국제이동-중위 / 국내이동-중위),대전광역시,- 구성비(%): 9~24세,19.6,19,18.3,17.6,17,16.3,15.6,15.1,14.7,14.3,14,13.6,13.2,12.7,12.3,11.9,11.5,11.2,10.9,10.6,10.4,10.2,10.1,10.1,10.2
중위 추계(기본 추계: 출산율-중위 / 기대수명-중위 / 국제이동-중위 / 국내이동-중위),대전광역시,청년인구(천명): 19~34세,352,350,348,342,335,327,320,312,302,293,285,277,269,260,254,247,239,234,229,223,218,212,206,198,192
중위 추계(기본 추계: 출산율-중위 / 기대수명-중위 / 국제이동-중위 / 국내이동-중위),대전광역시,- 구성비(%): 19~34세,23.6,23.7,23.6,23.4,23.1,22.7,22.4,22,21.4,20.9,20.4,19.9,19.4,18.9,18.5,18,17.5,17.2,16.9,16.6,16.3,15.9,15.5,15.1,14.7
중위 추계(기본 추계: 출산율-중위 / 기대수명-중위 / 국제이동-중위 / 국내이동-중위),울산광역시,생산연령인구(천명): 계(15~64세),845,826,810,796,781,765,748,734,719,707,693,678,663,647,629,612,595,578,562,546,532,519,507,495,484
중위 추계(기본 추계: 출산율-중위 / 기대수명-중위 / 국제이동-중위 / 국내이동-중위),울산광역시,생산연령인구(천명): 15~24세,125,116,109,105,102,100,99,99,98,98,98,97,95,92,88,84,79,74,69,64,59,55,53,51,50
중위 추계(기본 추계: 출산율-중위 / 기대수명-중위 / 국제이동-중위 / 국내이동-중위),울산광역시,생산연령인구(천명): 25~49세,425,412,400,390,379,370,361,352,343,333,321,310,299,291,283,278,273,268,263,258,253,248,241,234,226
중위 추계(기본 추계: 출산율-중위 / 기대수명-중위 / 국제이동-중위 / 국내이동-중위),울산광역시,생산연령인구(천명): 50~64세,295,298,301,301,300,296,288,284,279,276,274,271,269,265,258,251,243,236,230,224,219,216,214,211,207
중위 추계(기본 추계: 출산율-중위 / 기대수명-중위 / 국제이동-중위 / 국내이동-중위),울산광역시,- 구성비(%): 15~24세,10.9,10.3,9.8,9.5,9.4,9.2,9.2,9.2,9.3,9.3,9.4,9.4,9.3,9,8.7,8.4,7.9,7.5,7.1,6.6,6.2,5.9,5.6,5.5,5.5
중위 추계(기본 추계: 출산율-중위 / 기대수명-중위 / 국제이동-중위 / 국내이동-중위),울산광역시,- 구성비(%): 25~49세,37.3,36.6,36,35.3,34.6,34.1,33.5,32.9,32.3,31.7,30.8,29.9,29.1,28.5,28.1,27.7,27.5,27.3,27.1,26.8,26.6,26.3,25.8,25.3,24.7
중위 추계(기본 추계: 출산율-중위 / 기대수명-중위 / 국제이동-중위 / 국내이동-중위),울산광역시,- 구성비(%): 50~64세,25.9,26.6,27,27.3,27.4,27.2,26.8,26.6,26.3,26.3,26.2,26.2,26.2,26,25.5,25,24.5,24.1,23.6,23.2,23,22.9,22.9,22.8,22.7
중위 추계(기본 추계: 출산율-중위 / 기대수명-중위 / 국제이동-중위 / 국내이동-중위),울산광역시,고령인구(천명): 65세+,138,147,158,170,182,195,210,221,234,244,255,266,276,285,296,305,314,322,329,335,339,342,344,347,349
중위 추계(기본 추계: 출산율-중위 / 기대수명-중위 / 국제이동-중위 / 국내이동-중위),울산광역시,고령인구(천명): 65-69세,54,60,64,69,74,79,85,88,90,90,89,87,88,87,90,90,90,90,89,86,83,80,76,74,72
중위 추계(기본 추계: 출산율-중위 / 기대수명-중위 / 국제이동-중위 / 국내이동-중위),울산광역시,고령인구(천명): 70세+,83,88,94,101,107,116,125,134,144,154,165,178,188,199,206,215,225,232,240,249,256,263,268,273,277
중위 추계(기본 추계: 출산율-중위 / 기대수명-중위 / 국제이동-중위 / 국내이동-중위),울산광역시,고령인구(천명): 75세+,49,50,54,58,62,66,69,74,80,85,92,99,106,114,123,132,143,151,159,165,172,178,184,189,196
중위 추계(기본 추계: 출산율-중위 / 기대수명-중위 / 국제이동-중위 / 국내이동-중위),울산광역시,고령인구(천명): 80세+,25,27,29,32,33,35,35,38,41,44,47,49,53,56,60,66,71,76,82,89,96,104,109,115,119
중위 추계(기본 추계: 출산율-중위 / 기대수명-중위 / 국제이동-중위 / 국내이동-중위),울산광역시,고령인구(천명): 85세+,10,11,12,13,14,15,16,17,19,20,21,21,22,24,26,28,29,31,34,36,40,43,46,50,54
중위 추계(기본 추계: 출산율-중위 / 기대수명-중위 / 국제이동-중위 / 국내이동-중위),울산광역시,- 구성비(%): 65세+,12.1,13.1,14.2,15.4,16.6,18,19.5,20.7,22.1,23.1,24.4,25.7,26.8,28,29.3,30.5,31.7,32.8,33.8,34.7,35.6,36.2,36.9,37.6,38.2
중위 추계(기본 추계: 출산율-중위 / 기대수명-중위 / 국제이동-중위 / 국내이동-중위),울산광역시,- 구성비(%): 65-69세,4.8,5.3,5.7,6.2,6.8,7.3,7.9,8.2,8.5,8.5,8.6,8.4,8.5,8.5,8.9,9,9,9.1,9.1,8.9,8.7,8.4,8.2,8,7.9
중위 추계(기본 추계: 출산율-중위 / 기대수명-중위 / 국제이동-중위 / 국내이동-중위),울산광역시,- 구성비(%): 70세+,7.3,7.8,8.5,9.1,9.8,10.7,11.6,12.5,13.5,14.6,15.8,17.2,18.3,19.5,20.4,21.5,22.6,23.6,24.7,25.8,26.8,27.8,28.7,29.5,30.3
중위 추계(기본 추계: 출산율-중위 / 기대수명-중위 / 국제이동-중위 / 국내이동-중위),울산광역시,- 구성비(%): 75세+,4.3,4.5,4.8,5.2,5.6,6.1,6.4,7,7.5,8.1,8.8,9.6,10.4,11.2,12.2,13.2,14.4,15.3,16.3,17.1,18,18.9,19.7,20.5,21.4
중위 추계(기본 추계: 출산율-중위 / 기대수명-중위 / 국제이동-중위 / 국내이동-중위),울산광역시,- 구성비(%): 80세+,2.2,2.4,2.6,2.9,3,3.2,3.3,3.5,3.8,4.2,4.5,4.7,5.1,5.5,6,6.6,7.1,7.8,8.5,9.2,10.1,11,11.7,12.5,13
중위 추계(기본 추계: 출산율-중위 / 기대수명-중위 / 국제이동-중위 / 국내이동-중위),울산광역시,- 구성비(%): 85세+,0.9,1,1.1,1.2,1.3,1.4,1.5,1.6,1.8,1.9,2,2,2.2,2.4,2.6,2.8,2.9,3.2,3.5,3.7,4.2,4.5,5,5.4,5.9
중위 추계(기본 추계: 출산율-중위 / 기대수명-중위 / 국제이동-중위 / 국내이동-중위),울산광역시,학령인구(천명): 계(6~21세),182,177,173,169,166,161,156,151,146,141,134,128,123,116,111,105,101,96,92,90,88,87,86,86,86
중위 추계(기본 추계: 출산율-중위 / 기대수명-중위 / 국제이동-중위 / 국내이동-중위),울산광역시,학령인구(천명): 초등학교(6~11세),68,67,67,64,61,56,52,47,42,39,36,34,32,32,32,32,32,33,34,34,34,34,34,34,34
중위 추계(기본 추계: 출산율-중위 / 기대수명-중위 / 국제이동-중위 / 국내이동-중위),울산광역시,학령인구(천명): 중학교(12~14세),33,33,33,33,33,34,33,32,31,30,27,24,21,19,18,17,16,15,15,15,16,16,17,17,17
중위 추계(기본 추계: 출산율-중위 / 기대수명-중위 / 국제이동-중위 / 국내이동-중위),울산광역시,학령인구(천명): 고등학교(15~17세),33,31,31,32,33,32,32,33,33,32,32,31,29,27,23,21,19,18,17,16,15,15,15,16,16
중위 추계(기본 추계: 출산율-중위 / 기대수명-중위 / 국제이동-중위 / 국내이동-중위),울산광역시,학령인구(천명): 대학교(18~21세),48,45,42,40,39,38,39,39,39,40,40,40,40,39,38,36,34,30,27,24,23,21,20,19,19
중위 추계(기본 추계: 출산율-중위 / 기대수명-중위 / 국제이동-중위 / 국내이동-중위),울산광역시,청소년인구(천명): 9~24세,191,183,176,171,168,165,162,158,154,149,144,139,133,127,121,116,110,105,100,96,92,89,86,85,84
중위 추계(기본 추계: 출산율-중위 / 기대수명-중위 / 국제이동-중위 / 국내이동-중위),울산광역시,- 구성비(%): 9~24세,16.8,16.3,15.9,15.5,15.4,15.2,15,14.8,14.5,14.1,13.8,13.4,13,12.5,12,11.6,11.1,10.7,10.3,10,9.7,9.4,9.3,9.2,9.2
중위 추계(기본 추계: 출산율-중위 / 기대수명-중위 / 국제이동-중위 / 국내이동-중위),울산광역시,청년인구(천명): 19~34세,229,218,209,202,195,188,182,177,170,165,160,155,151,147,144,141,137,134,130,126,122,118,114,110,106
중위 추계(기본 추계: 출산율-중위 / 기대수명-중위 / 국제이동-중위 / 국내이동-중위),울산광역시,- 구성비(%): 19~34세,20.1,19.4,18.8,18.3,17.8,17.3,16.9,16.5,16.1,15.7,15.3,15,14.7,14.5,14.3,14.1,13.8,13.6,13.3,13.1,12.8,12.5,12.2,11.9,11.6
중위 추계(기본 추계: 출산율-중위 / 기대수명-중위 / 국제이동-중위 / 국내이동-중위),세종특별자치시,생산연령인구(천명): 계(15~64세),247,260,272,278,292,304,315,325,335,344,352,359,365,370,373,375,375,376,375,374,373,373,372,372,371
중위 추계(기본 추계: 출산율-중위 / 기대수명-중위 / 국제이동-중위 / 국내이동-중위),세종특별자치시,생산연령인구(천명): 15~24세,40,41,43,43,45,46,48,50,52,54,57,59,60,60,60,59,57,56,54,52,50,48,47,47,47
중위 추계(기본 추계: 출산율-중위 / 기대수명-중위 / 국제이동-중위 / 국내이동-중위),세종특별자치시,생산연령인구(천명): 25~49세,147,154,159,161,167,173,179,183,186,189,190,191,191,192,193,194,195,196,197,198,198,197,195,192,189
중위 추계(기본 추계: 출산율-중위 / 기대수명-중위 / 국제이동-중위 / 국내이동-중위),세종특별자치시,생산연령인구(천명): 50~64세,60,65,70,74,80,84,88,92,96,101,105,110,115,119,120,122,123,124,124,125,126,128,130,133,135
중위 추계(기본 추계: 출산율-중위 / 기대수명-중위 / 국제이동-중위 / 국내이동-중위),세종특별자치시,- 구성비(%): 15~24세,11.6,11.3,11.1,11,11,10.8,10.8,10.9,11.1,11.2,11.4,11.5,11.5,11.3,11.1,10.8,10.3,9.9,9.4,9,8.5,8.1,7.9,7.8,7.8
중위 추계(기본 추계: 출산율-중위 / 기대수명-중위 / 국제이동-중위 / 국내이동-중위),세종특별자치시,- 구성비(%): 25~49세,42.2,41.9,41.6,41.1,40.8,40.6,40.4,40,39.5,38.9,38.2,37.5,36.7,36.2,35.7,35.4,35.1,34.8,34.5,34.2,33.8,33.4,32.7,32,31.1
중위 추계(기본 추계: 출산율-중위 / 기대수명-중위 / 국제이동-중위 / 국내이동-중위),세종특별자치시,- 구성비(%): 50~64세,17.1,17.7,18.3,18.9,19.4,19.7,19.9,20.1,20.4,20.8,21.2,21.7,22.1,22.4,22.3,22.2,22,21.9,21.7,21.5,21.5,21.6,21.8,22,22.2
중위 추계(기본 추계: 출산율-중위 / 기대수명-중위 / 국제이동-중위 / 국내이동-중위),세종특별자치시,고령인구(천명): 65세+,32,35,38,41,45,49,54,59,63,67,72,77,82,87,93,99,105,111,117,123,129,134,139,144,150
중위 추계(기본 추계: 출산율-중위 / 기대수명-중위 / 국제이동-중위 / 국내이동-중위),세종특별자치시,고령인구(천명): 65-69세,11,13,14,15,17,19,21,22,24,24,25,25,26,27,29,31,33,34,36,37,37,37,37,37,37
중위 추계(기본 추계: 출산율-중위 / 기대수명-중위 / 국제이동-중위 / 국내이동-중위),세종특별자치시,고령인구(천명): 70세+,21,22,24,25,27,30,33,36,39,43,47,52,56,60,64,68,72,76,81,86,91,97,102,107,113
중위 추계(기본 추계: 출산율-중위 / 기대수명-중위 / 국제이동-중위 / 국내이동-중위),세종특별자치시,고령인구(천명): 75세+,13,14,15,16,17,19,20,21,23,25,27,30,32,35,39,42,46,50,54,57,61,64,68,72,76
중위 추계(기본 추계: 출산율-중위 / 기대수명-중위 / 국제이동-중위 / 국내이동-중위),세종특별자치시,고령인구(천명): 80세+,7,8,9,9,10,11,11,12,13,14,15,16,18,19,20,22,25,27,29,32,35,39,41,45,47
중위 추계(기본 추계: 출산율-중위 / 기대수명-중위 / 국제이동-중위 / 국내이동-중위),세종특별자치시,고령인구(천명): 85세+,3,4,4,4,5,5,6,7,7,8,8,8,9,10,10,11,12,13,14,15,16,18,19,21,23
중위 추계(기본 추계: 출산율-중위 / 기대수명-중위 / 국제이동-중위 / 국내이동-중위),세종특별자치시,- 구성비(%): 65세+,9.2,9.6,9.9,10.4,10.9,11.5,12.2,12.8,13.4,13.9,14.6,15.1,15.7,16.4,17.2,18,18.8,19.6,20.4,21.3,22,22.6,23.3,23.9,24.6
중위 추계(기본 추계: 출산율-중위 / 기대수명-중위 / 국제이동-중위 / 국내이동-중위),세종특별자치시,- 구성비(%): 65-69세,3.2,3.5,3.7,3.9,4.2,4.4,4.7,4.9,5.1,5,5.1,4.9,5,5.1,5.4,5.6,5.9,6.1,6.3,6.3,6.4,6.2,6.2,6.1,6
중위 추계(기본 추계: 출산율-중위 / 기대수명-중위 / 국제이동-중위 / 국내이동-중위),세종특별자치시,- 구성비(%): 70세+,6,6.1,6.2,6.5,6.7,7.1,7.5,7.9,8.4,8.9,9.5,10.2,10.7,11.3,11.8,12.4,12.9,13.5,14.2,14.9,15.6,16.4,17.1,17.8,18.6
중위 추계(기본 추계: 출산율-중위 / 기대수명-중위 / 국제이동-중위 / 국내이동-중위),세종특별자치시,- 구성비(%): 75세+,3.8,3.8,3.9,4,4.2,4.3,4.4,4.7,4.9,5.1,5.5,5.9,6.2,6.7,7.1,7.7,8.3,8.8,9.4,9.8,10.3,10.8,11.3,11.9,12.6
중위 추계(기본 추계: 출산율-중위 / 기대수명-중위 / 국제이동-중위 / 국내이동-중위),세종특별자치시,- 구성비(%): 80세+,2.1,2.2,2.3,2.4,2.5,2.5,2.6,2.7,2.8,2.9,3.1,3.2,3.4,3.6,3.8,4.1,4.4,4.7,5.1,5.5,6,6.5,6.9,7.4,7.7
중위 추계(기본 추계: 출산율-중위 / 기대수명-중위 / 국제이동-중위 / 국내이동-중위),세종특별자치시,- 구성비(%): 85세+,0.9,1,1.1,1.1,1.2,1.3,1.3,1.4,1.5,1.6,1.6,1.6,1.7,1.8,1.9,2,2.1,2.2,2.4,2.5,2.8,3,3.3,3.5,3.9
중위 추계(기본 추계: 출산율-중위 / 기대수명-중위 / 국제이동-중위 / 국내이동-중위),세종특별자치시,학령인구(천명): 계(6~21세),71,74,77,79,82,85,87,89,90,90,89,89,88,87,86,85,85,84,84,84,85,86,88,89,91
중위 추계(기본 추계: 출산율-중위 / 기대수명-중위 / 국제이동-중위 / 국내이동-중위),세종특별자치시,학령인구(천명): 초등학교(6~11세),30,31,33,33,34,34,33,32,30,29,28,27,27,27,28,29,30,32,33,35,36,37,37,37,37
중위 추계(기본 추계: 출산율-중위 / 기대수명-중위 / 국제이동-중위 / 국내이동-중위),세종특별자치시,학령인구(천명): 중학교(12~14세),13,14,15,16,17,18,19,19,19,20,19,18,17,16,15,15,14,14,14,15,16,17,17,18,19
중위 추계(기본 추계: 출산율-중위 / 기대수명-중위 / 국제이동-중위 / 국내이동-중위),세종특별자치시,학령인구(천명): 고등학교(15~17세),11,12,13,14,15,16,17,18,19,19,20,20,20,19,18,17,16,15,15,14,14,14,15,16,17
중위 추계(기본 추계: 출산율-중위 / 기대수명-중위 / 국제이동-중위 / 국내이동-중위),세종특별자치시,학령인구(천명): 대학교(18~21세),17,17,16,16,16,17,19,20,21,22,23,24,25,25,25,25,25,24,22,21,20,19,18,18,18
중위 추계(기본 추계: 출산율-중위 / 기대수명-중위 / 국제이동-중위 / 국내이동-중위),세종특별자치시,청소년인구(천명): 9~24세,68,71,75,76,80,83,85,87,89,90,91,91,90,89,88,87,86,85,84,84,83,83,83,84,86
중위 추계(기본 추계: 출산율-중위 / 기대수명-중위 / 국제이동-중위 / 국내이동-중위),세종특별자치시,- 구성비(%): 9~24세,19.6,19.5,19.5,19.4,19.4,19.3,19.1,19,18.9,18.6,18.2,17.9,17.4,16.8,16.3,15.9,15.4,15,14.7,14.4,14.2,14,14,14,14.1
중위 추계(기본 추계: 출산율-중위 / 기대수명-중위 / 국제이동-중위 / 국내이동-중위),세종특별자치시,청년인구(천명): 19~34세,72,75,77,77,80,83,85,87,88,89,90,90,90,90,90,89,88,87,87,86,85,84,82,80,78
중위 추계(기본 추계: 출산율-중위 / 기대수명-중위 / 국제이동-중위 / 국내이동-중위),세종특별자치시,- 구성비(%): 19~34세,20.7,20.6,20.1,19.7,19.6,19.4,19.2,19,18.7,18.3,18,17.7,17.3,16.9,16.6,16.2,15.8,15.5,15.2,14.8,14.5,14.2,13.8,13.3,12.9
중위 추계(기본 추계: 출산율-중위 / 기대수명-중위 / 국제이동-중위 / 국내이동-중위),경기도,생산연령인구(천명): 계(15~64세),9931,9997,9997,10032,10045,10033,10011,10009,9977,9961,9923,9880,9823,9744,9627,9508,9369,9231,9089,8946,8819,8705,8599,8491,8384
중위 추계(기본 추계: 출산율-중위 / 기대수명-중위 / 국제이동-중위 / 국내이동-중위),경기도,생산연령인구(천명): 15~24세,1518,1474,1424,1396,1368,1337,1320,1320,1325,1322,1330,1335,1321,1288,1256,1217,1162,1105,1046,991,934,885,854,837,832
중위 추계(기본 추계: 출산율-중위 / 기대수명-중위 / 국제이동-중위 / 국내이동-중위),경기도,생산연령인구(천명): 25~49세,5282,5281,5250,5242,5228,5231,5235,5220,5188,5150,5079,5000,4923,4867,4819,4781,4750,4719,4687,4640,4590,4531,4441,4336,4226
중위 추계(기본 추계: 출산율-중위 / 기대수명-중위 / 국제이동-중위 / 국내이동-중위),경기도,생산연령인구(천명): 50~64세,3130,3242,3323,3394,3449,3464,3455,3469,3464,3489,3514,3546,3579,3590,3552,3510,3457,3407,3357,3315,3295,3289,3304,3319,3326
중위 추계(기본 추계: 출산율-중위 / 기대수명-중위 / 국제이동-중위 / 국내이동-중위),경기도,- 구성비(%): 15~24세,11.3,10.8,10.4,10.1,9.8,9.5,9.4,9.3,9.3,9.2,9.2,9.2,9.1,8.8,8.6,8.3,7.9,7.5,7.1,6.7,6.3,6,5.8,5.7,5.7
중위 추계(기본 추계: 출산율-중위 / 기대수명-중위 / 국제이동-중위 / 국내이동-중위),경기도,- 구성비(%): 25~49세,39.3,38.8,38.4,38,37.6,37.4,37.1,36.8,36.4,35.9,35.2,34.5,33.8,33.3,32.9,32.5,32.2,32,31.7,31.4,31,30.7,30.1,29.4,28.7
중위 추계(기본 추계: 출산율-중위 / 기대수명-중위 / 국제이동-중위 / 국내이동-중위),경기도,- 구성비(%): 50~64세,23.3,23.8,24.3,24.6,24.8,24.7,24.5,24.5,24.3,24.3,24.4,24.5,24.6,24.6,24.2,23.9,23.5,23.1,22.7,22.4,22.3,22.2,22.4,22.5,22.6
중위 추계(기본 추계: 출산율-중위 / 기대수명-중위 / 국제이동-중위 / 국내이동-중위),경기도,고령인구(천명): 65세+,1720,1836,1955,2093,2238,2401,2575,2717,2877,3006,3152,3289,3421,3557,3716,3860,4012,4152,4285,4409,4511,4599,4678,4755,4831
중위 추계(기본 추계: 출산율-중위 / 기대수명-중위 / 국제이동-중위 / 국내이동-중위),경기도,고령인구(천명): 65-69세,579,646,697,761,831,889,963,998,1040,1042,1045,1031,1042,1038,1090,1111,1148,1177,1197,1187,1169,1131,1097,1068,1046
중위 추계(기본 추계: 출산율-중위 / 기대수명-중위 / 국제이동-중위 / 국내이동-중위),경기도,고령인구(천명): 70세+,1141,1189,1258,1332,1407,1513,1612,1719,1837,1963,2106,2259,2380,2518,2626,2749,2865,2975,3087,3222,3342,3468,3581,3687,3784
중위 추계(기본 추계: 출산율-중위 / 기대수명-중위 / 국제이동-중위 / 국내이동-중위),경기도,고령인구(천명): 75세+,721,750,802,852,898,947,983,1040,1099,1159,1248,1330,1419,1519,1626,1748,1878,1978,2094,2178,2278,2369,2454,2541,2648
중위 추계(기본 추계: 출산율-중위 / 기대수명-중위 / 국제이동-중위 / 국내이동-중위),경기도,고령인구(천명): 80세+,390,421,459,495,521,548,566,604,642,674,710,734,776,820,866,937,1002,1073,1153,1237,1335,1441,1516,1605,1664
중위 추계(기본 추계: 출산율-중위 / 기대수명-중위 / 국제이동-중위 / 국내이동-중위),경기도,고령인구(천명): 85세+,164,181,200,218,238,257,276,302,325,341,356,365,390,414,434,457,471,500,530,561,613,659,709,765,825
중위 추계(기본 추계: 출산율-중위 / 기대수명-중위 / 국제이동-중위 / 국내이동-중위),경기도,- 구성비(%): 65세+,12.8,13.5,14.3,15.2,16.1,17.1,18.3,19.2,20.2,20.9,21.9,22.7,23.5,24.3,25.4,26.3,27.2,28.1,29,29.8,30.5,31.1,31.7,32.3,32.8
중위 추계(기본 추계: 출산율-중위 / 기대수명-중위 / 국제이동-중위 / 국내이동-중위),경기도,- 구성비(%): 65-69세,4.3,4.7,5.1,5.5,6,6.3,6.8,7,7.3,7.3,7.2,7.1,7.2,7.1,7.4,7.6,7.8,8,8.1,8,7.9,7.6,7.4,7.2,7.1
중위 추계(기본 추계: 출산율-중위 / 기대수명-중위 / 국제이동-중위 / 국내이동-중위),경기도,- 구성비(%): 70세+,8.5,8.7,9.2,9.7,10.1,10.8,11.4,12.1,12.9,13.7,14.6,15.6,16.4,17.2,17.9,18.7,19.4,20.1,20.9,21.8,22.6,23.5,24.3,25,25.7
중위 추계(기본 추계: 출산율-중위 / 기대수명-중위 / 국제이동-중위 / 국내이동-중위),경기도,- 구성비(%): 75세+,5.4,5.5,5.9,6.2,6.5,6.8,7,7.3,7.7,8.1,8.7,9.2,9.8,10.4,11.1,11.9,12.7,13.4,14.2,14.7,15.4,16,16.6,17.2,18
중위 추계(기본 추계: 출산율-중위 / 기대수명-중위 / 국제이동-중위 / 국내이동-중위),경기도,- 구성비(%): 80세+,2.9,3.1,3.4,3.6,3.7,3.9,4,4.3,4.5,4.7,4.9,5.1,5.3,5.6,5.9,6.4,6.8,7.3,7.8,8.4,9,9.7,10.3,10.9,11.3
중위 추계(기본 추계: 출산율-중위 / 기대수명-중위 / 국제이동-중위 / 국내이동-중위),경기도,- 구성비(%): 85세+,1.2,1.3,1.5,1.6,1.7,1.8,2,2.1,2.3,2.4,2.5,2.5,2.7,2.8,3,3.1,3.2,3.4,3.6,3.8,4.1,4.5,4.8,5.2,5.6
중위 추계(기본 추계: 출산율-중위 / 기대수명-중위 / 국제이동-중위 / 국내이동-중위),경기도,학령인구(천명): 계(6~21세),2146,2133,2094,2058,2031,2004,1967,1931,1891,1839,1775,1720,1671,1616,1568,1525,1494,1463,1438,1427,1429,1440,1458,1479,1501
중위 추계(기본 추계: 출산율-중위 / 기대수명-중위 / 국제이동-중위 / 국내이동-중위),경기도,학령인구(천명): 초등학교(6~11세),777,785,785,764,735,700,664,618,571,531,499,475,464,464,472,488,512,538,562,584,603,619,630,635,635
중위 추계(기본 추계: 출산율-중위 / 기대수명-중위 / 국제이동-중위 / 국내이동-중위),경기도,학령인구(천명): 중학교(12~14세),382,391,390,391,399,407,397,392,386,374,349,319,293,272,254,240,229,222,225,236,250,264,277,288,299
중위 추계(기본 추계: 출산율-중위 / 기대수명-중위 / 국제이동-중위 / 국내이동-중위),경기도,학령인구(천명): 고등학교(15~17세),376,369,368,384,391,391,392,400,407,397,392,385,374,348,318,292,271,253,239,228,222,225,235,249,263
중위 추계(기본 추계: 출산율-중위 / 기대수명-중위 / 국제이동-중위 / 국내이동-중위),경기도,학령인구(천명): 대학교(18~21세),611,588,552,519,506,506,515,521,527,536,535,540,540,532,524,505,482,449,411,379,354,332,316,306,305
중위 추계(기본 추계: 출산율-중위 / 기대수명-중위 / 국제이동-중위 / 국내이동-중위),경기도,청소년인구(천명): 9~24세,2287,2262,2218,2181,2157,2128,2090,2059,2029,1989,1950,1908,1854,1788,1732,1683,1627,1578,1535,1504,1473,1448,1438,1440,1451
중위 추계(기본 추계: 출산율-중위 / 기대수명-중위 / 국제이동-중위 / 국내이동-중위),경기도,- 구성비(%): 9~24세,17,16.6,16.2,15.8,15.5,15.2,14.8,14.5,14.2,13.9,13.5,13.2,12.7,12.2,11.8,11.4,11,10.7,10.4,10.2,10,9.8,9.7,9.8,9.9
중위 추계(기본 추계: 출산율-중위 / 기대수명-중위 / 국제이동-중위 / 국내이동-중위),경기도,청년인구(천명): 19~34세,2897,2894,2861,2849,2827,2798,2769,2729,2674,2618,2574,2524,2475,2420,2378,2329,2273,2229,2190,2143,2099,2053,1996,1928,1869
중위 추계(기본 추계: 출산율-중위 / 기대수명-중위 / 국제이동-중위 / 국내이동-중위),경기도,- 구성비(%): 19~34세,21.5,21.3,20.9,20.7,20.3,20,19.6,19.2,18.7,18.2,17.8,17.4,17,16.6,16.2,15.8,15.4,15.1,14.8,14.5,14.2,13.9,13.5,13.1,12.7
중위 추계(기본 추계: 출산율-중위 / 기대수명-중위 / 국제이동-중위 / 국내이동-중위),강원도,생산연령인구(천명): 계(15~64세),1046,1035,1028,1015,1001,985,969,958,944,935,925,914,903,890,874,859,842,827,810,793,779,767,756,744,734
중위 추계(기본 추계: 출산율-중위 / 기대수명-중위 / 국제이동-중위 / 국내이동-중위),강원도,생산연령인구(천명): 15~24세,174,165,156,150,143,138,134,132,131,129,128,127,125,121,118,114,109,104,98,93,88,83,79,77,76
중위 추계(기본 추계: 출산율-중위 / 기대수명-중위 / 국제이동-중위 / 국내이동-중위),강원도,생산연령인구(천명): 25~49세,477,471,468,461,454,449,444,439,432,425,417,408,399,392,387,383,379,376,373,368,364,359,351,342,333
중위 추계(기본 추계: 출산율-중위 / 기대수명-중위 / 국제이동-중위 / 국내이동-중위),강원도,생산연령인구(천명): 50~64세,394,400,403,404,404,399,391,387,382,381,380,379,379,376,369,362,354,347,339,332,328,325,325,325,325
중위 추계(기본 추계: 출산율-중위 / 기대수명-중위 / 국제이동-중위 / 국내이동-중위),강원도,- 구성비(%): 15~24세,11.5,10.8,10.2,9.8,9.4,9,8.8,8.6,8.6,8.4,8.4,8.3,8.2,7.9,7.7,7.4,7.1,6.7,6.4,6,5.7,5.4,5.2,5.1,5
중위 추계(기본 추계: 출산율-중위 / 기대수명-중위 / 국제이동-중위 / 국내이동-중위),강원도,- 구성비(%): 25~49세,31.4,30.9,30.7,30.2,29.8,29.4,29.1,28.8,28.3,27.8,27.3,26.6,26,25.6,25.2,24.9,24.7,24.4,24.2,24,23.7,23.4,22.9,22.4,21.9
중위 추계(기본 추계: 출산율-중위 / 기대수명-중위 / 국제이동-중위 / 국내이동-중위),강원도,- 구성비(%): 50~64세,26,26.3,26.4,26.5,26.5,26.2,25.7,25.4,25,24.9,24.9,24.8,24.7,24.5,24,23.5,23,22.5,22,21.6,21.4,21.2,21.3,21.3,21.3
중위 추계(기본 추계: 출산율-중위 / 기대수명-중위 / 국제이동-중위 / 국내이동-중위),강원도,고령인구(천명): 65세+,304,319,337,355,374,396,418,435,454,469,484,500,515,530,548,564,581,596,611,625,636,645,653,660,667
중위 추계(기본 추계: 출산율-중위 / 기대수명-중위 / 국제이동-중위 / 국내이동-중위),강원도,고령인구(천명): 65-69세,93,103,111,121,130,136,146,148,151,148,144,140,139,138,143,146,148,150,152,151,148,142,137,133,129
중위 추계(기본 추계: 출산율-중위 / 기대수명-중위 / 국제이동-중위 / 국내이동-중위),강원도,고령인구(천명): 70세+,211,216,226,235,245,259,272,287,304,320,340,360,376,393,405,418,433,446,459,474,488,503,515,527,538
중위 추계(기본 추계: 출산율-중위 / 기대수명-중위 / 국제이동-중위 / 국내이동-중위),강원도,고령인구(천명): 75세+,144,147,153,159,164,168,171,179,186,194,207,218,230,245,259,276,295,308,323,333,344,355,365,376,388
중위 추계(기본 추계: 출산율-중위 / 기대수명-중위 / 국제이동-중위 / 국내이동-중위),강원도,고령인구(천명): 80세+,78,84,91,96,100,104,106,111,115,118,120,122,128,134,140,150,159,170,182,194,208,223,233,245,252
중위 추계(기본 추계: 출산율-중위 / 기대수명-중위 / 국제이동-중위 / 국내이동-중위),강원도,고령인구(천명): 85세+,32,35,38,42,45,49,53,57,60,63,65,66,68,71,72,74,75,79,83,88,95,102,110,118,127
중위 추계(기본 추계: 출산율-중위 / 기대수명-중위 / 국제이동-중위 / 국내이동-중위),강원도,- 구성비(%): 65세+,20,21,22.1,23.3,24.5,25.9,27.4,28.5,29.8,30.7,31.6,32.6,33.6,34.6,35.7,36.7,37.8,38.7,39.7,40.7,41.4,42.1,42.7,43.2,43.8
중위 추계(기본 추계: 출산율-중위 / 기대수명-중위 / 국제이동-중위 / 국내이동-중위),강원도,- 구성비(%): 65-69세,6.1,6.8,7.3,7.9,8.5,8.9,9.6,9.7,9.9,9.7,9.4,9.1,9.1,9,9.3,9.5,9.6,9.8,9.9,9.8,9.6,9.3,9,8.7,8.5
중위 추계(기본 추계: 출산율-중위 / 기대수명-중위 / 국제이동-중위 / 국내이동-중위),강원도,- 구성비(%): 70세+,13.9,14.2,14.8,15.4,16,17,17.9,18.8,19.9,21,22.2,23.5,24.5,25.6,26.4,27.2,28.1,29,29.8,30.9,31.8,32.8,33.7,34.5,35.4
중위 추계(기본 추계: 출산율-중위 / 기대수명-중위 / 국제이동-중위 / 국내이동-중위),강원도,- 구성비(%): 75세+,9.5,9.7,10.1,10.5,10.8,11,11.2,11.7,12.2,12.7,13.5,14.2,15,16,16.9,18,19.1,20,21,21.7,22.4,23.2,23.9,24.6,25.5
중위 추계(기본 추계: 출산율-중위 / 기대수명-중위 / 국제이동-중위 / 국내이동-중위),강원도,- 구성비(%): 80세+,5.2,5.5,5.9,6.3,6.6,6.9,7,7.2,7.5,7.7,7.9,8,8.4,8.7,9.1,9.8,10.4,11,11.8,12.6,13.5,14.5,15.2,16,16.5
중위 추계(기본 추계: 출산율-중위 / 기대수명-중위 / 국제이동-중위 / 국내이동-중위),강원도,- 구성비(%): 85세+,2.1,2.3,2.5,2.7,3,3.2,3.5,3.7,4,4.1,4.3,4.3,4.4,4.6,4.7,4.8,4.9,5.2,5.4,5.7,6.2,6.7,7.2,7.8,8.4
중위 추계(기본 추계: 출산율-중위 / 기대수명-중위 / 국제이동-중위 / 국내이동-중위),강원도,학령인구(천명): 계(6~21세),226,218,210,202,197,192,187,183,178,172,165,160,154,149,143,139,135,132,129,127,126,126,126,127,128
중위 추계(기본 추계: 출산율-중위 / 기대수명-중위 / 국제이동-중위 / 국내이동-중위),강원도,학령인구(천명): 초등학교(6~11세),73,73,72,69,66,63,60,56,52,49,46,44,42,41,41,43,44,46,48,49,50,51,52,52,52
중위 추계(기본 추계: 출산율-중위 / 기대수명-중위 / 국제이동-중위 / 국내이동-중위),강원도,학령인구(천명): 중학교(12~14세),38,38,38,38,38,38,36,35,34,33,31,29,27,25,24,22,21,20,20,21,22,23,24,24,25
중위 추계(기본 추계: 출산율-중위 / 기대수명-중위 / 국제이동-중위 / 국내이동-중위),강원도,학령인구(천명): 고등학교(15~17세),41,39,38,39,39,38,38,38,38,37,36,35,34,32,29,27,25,24,22,21,20,20,21,22,23
중위 추계(기본 추계: 출산율-중위 / 기대수명-중위 / 국제이동-중위 / 국내이동-중위),강원도,학령인구(천명): 대학교(18~21세),73,67,62,57,54,53,53,53,53,53,52,52,52,50,49,47,45,42,39,37,34,32,30,29,28
중위 추계(기본 추계: 출산율-중위 / 기대수명-중위 / 국제이동-중위 / 국내이동-중위),강원도,청소년인구(천명): 9~24세,250,241,232,224,217,210,203,198,194,189,184,180,174,167,161,156,150,145,141,137,134,131,129,128,128
중위 추계(기본 추계: 출산율-중위 / 기대수명-중위 / 국제이동-중위 / 국내이동-중위),강원도,- 구성비(%): 9~24세,16.5,15.9,15.2,14.7,14.2,13.8,13.3,13,12.7,12.4,12.1,11.7,11.3,10.9,10.5,10.2,9.8,9.4,9.2,8.9,8.7,8.5,8.4,8.4,8.4
중위 추계(기본 추계: 출산율-중위 / 기대수명-중위 / 국제이동-중위 / 국내이동-중위),강원도,청년인구(천명): 19~34세,282,278,275,270,264,257,252,245,238,232,226,220,215,209,204,199,194,189,185,181,177,172,166,160,155
중위 추계(기본 추계: 출산율-중위 / 기대수명-중위 / 국제이동-중위 / 국내이동-중위),강원도,- 구성비(%): 19~34세,18.6,18.3,18,17.7,17.3,16.9,16.5,16.1,15.6,15.2,14.8,14.4,14,13.6,13.3,13,12.6,12.3,12,11.8,11.5,11.2,10.9,10.5,10.2
중위 추계(기본 추계: 출산율-중위 / 기대수명-중위 / 국제이동-중위 / 국내이동-중위),충청북도,생산연령인구(천명): 계(15~64세),1157,1148,1140,1131,1122,1111,1097,1089,1079,1072,1062,1052,1040,1028,1010,994,977,961,944,926,911,898,886,873,861
중위 추계(기본 추계: 출산율-중위 / 기대수명-중위 / 국제이동-중위 / 국내이동-중위),충청북도,생산연령인구(천명): 15~24세,197,185,175,168,161,155,149,148,148,147,146,146,144,140,137,132,126,119,113,108,102,97,93,91,90
중위 추계(기본 추계: 출산율-중위 / 기대수명-중위 / 국제이동-중위 / 국내이동-중위),충청북도,생산연령인구(천명): 25~49세,562,558,555,551,545,542,540,535,528,521,511,501,491,483,476,471,467,463,459,454,449,443,434,423,412
중위 추계(기본 추계: 출산율-중위 / 기대수명-중위 / 국제이동-중위 / 국내이동-중위),충청북도,생산연령인구(천명): 50~64세,398,406,409,413,416,414,408,406,403,405,404,404,405,404,397,391,385,379,371,364,361,358,359,359,359
중위 추계(기본 추계: 출산율-중위 / 기대수명-중위 / 국제이동-중위 / 국내이동-중위),충청북도,- 구성비(%): 15~24세,12.1,11.3,10.7,10.2,9.8,9.4,9.1,9,9,8.9,8.8,8.8,8.7,8.4,8.2,7.9,7.5,7.2,6.8,6.4,6.1,5.8,5.6,5.5,5.5
중위 추계(기본 추계: 출산율-중위 / 기대수명-중위 / 국제이동-중위 / 국내이동-중위),충청북도,- 구성비(%): 25~49세,34.5,34.2,34,33.7,33.3,33.1,32.9,32.5,32,31.6,30.9,30.2,29.6,29.1,28.6,28.3,28,27.8,27.5,27.2,26.9,26.6,26.1,25.5,24.9
중위 추계(기본 추계: 출산율-중위 / 기대수명-중위 / 국제이동-중위 / 국내이동-중위),충청북도,- 구성비(%): 50~64세,24.4,24.8,25.1,25.2,25.4,25.3,24.8,24.6,24.4,24.5,24.4,24.4,24.4,24.3,23.9,23.5,23.1,22.7,22.3,21.9,21.7,21.6,21.6,21.7,21.8
중위 추계(기본 추계: 출산율-중위 / 기대수명-중위 / 국제이동-중위 / 국내이동-중위),충청북도,고령인구(천명): 65세+,277,291,307,324,342,361,384,401,420,433,450,467,483,499,518,535,552,567,583,598,610,620,629,637,645
중위 추계(기본 추계: 출산율-중위 / 기대수명-중위 / 국제이동-중위 / 국내이동-중위),충청북도,고령인구(천명): 65-69세,87,97,103,112,120,126,137,140,143,141,141,136,137,137,145,146,149,150,152,150,148,144,139,135,132
중위 추계(기본 추계: 출산율-중위 / 기대수명-중위 / 국제이동-중위 / 국내이동-중위),충청북도,고령인구(천명): 70세+,190,194,204,212,222,235,247,261,276,292,309,330,345,362,373,389,403,417,431,448,462,477,489,502,514
중위 추계(기본 추계: 출산율-중위 / 기대수명-중위 / 국제이동-중위 / 국내이동-중위),충청북도,고령인구(천명): 75세+,129,130,135,140,145,149,153,161,167,175,186,197,209,222,235,251,270,282,296,306,318,330,341,352,366
중위 추계(기본 추계: 출산율-중위 / 기대수명-중위 / 국제이동-중위 / 국내이동-중위),충청북도,고령인구(천명): 80세+,72,76,82,87,90,92,93,96,100,103,106,109,114,120,126,135,144,154,164,175,188,203,213,224,230
중위 추계(기본 추계: 출산율-중위 / 기대수명-중위 / 국제이동-중위 / 국내이동-중위),충청북도,고령인구(천명): 85세+,30,33,36,39,42,45,47,51,54,55,57,56,58,61,63,65,66,71,74,79,85,92,99,107,114
중위 추계(기본 추계: 출산율-중위 / 기대수명-중위 / 국제이동-중위 / 국내이동-중위),충청북도,- 구성비(%): 65세+,17,17.8,18.8,19.8,20.9,22,23.4,24.4,25.5,26.2,27.2,28.2,29.1,30,31.1,32.1,33.1,34,34.9,35.9,36.6,37.3,37.9,38.5,39.1
중위 추계(기본 추계: 출산율-중위 / 기대수명-중위 / 국제이동-중위 / 국내이동-중위),충청북도,- 구성비(%): 65-69세,5.3,5.9,6.3,6.8,7.3,7.7,8.3,8.5,8.7,8.5,8.5,8.2,8.3,8.2,8.7,8.8,8.9,9,9.1,9,8.9,8.6,8.4,8.2,8
중위 추계(기본 추계: 출산율-중위 / 기대수명-중위 / 국제이동-중위 / 국내이동-중위),충청북도,- 구성비(%): 70세+,11.6,11.9,12.5,13,13.6,14.3,15,15.9,16.8,17.7,18.7,19.9,20.8,21.8,22.4,23.3,24.2,25,25.8,26.9,27.7,28.7,29.5,30.3,31.1
중위 추계(기본 추계: 출산율-중위 / 기대수명-중위 / 국제이동-중위 / 국내이동-중위),충청북도,- 구성비(%): 75세+,7.9,8,8.3,8.6,8.9,9.1,9.3,9.8,10.2,10.6,11.2,11.9,12.6,13.3,14.1,15,16.2,16.9,17.8,18.3,19.1,19.9,20.6,21.3,22.1
중위 추계(기본 추계: 출산율-중위 / 기대수명-중위 / 국제이동-중위 / 국내이동-중위),충청북도,- 구성비(%): 80세+,4.4,4.7,5,5.3,5.5,5.6,5.7,5.9,6.1,6.2,6.4,6.5,6.9,7.2,7.6,8.1,8.6,9.2,9.8,10.5,11.3,12.2,12.9,13.5,14
중위 추계(기본 추계: 출산율-중위 / 기대수명-중위 / 국제이동-중위 / 국내이동-중위),충청북도,- 구성비(%): 85세+,1.8,2,2.2,2.4,2.6,2.7,2.9,3.1,3.3,3.4,3.4,3.4,3.5,3.7,3.8,3.9,4,4.2,4.5,4.7,5.1,5.5,6,6.4,6.9
중위 추계(기본 추계: 출산율-중위 / 기대수명-중위 / 국제이동-중위 / 국내이동-중위),충청북도,학령인구(천명): 계(6~21세),255,247,238,229,223,219,213,208,203,197,190,184,179,172,167,162,158,154,151,149,148,148,149,150,152
중위 추계(기본 추계: 출산율-중위 / 기대수명-중위 / 국제이동-중위 / 국내이동-중위),충청북도,학령인구(천명): 초등학교(6~11세),85,85,84,81,78,73,69,64,60,56,52,50,49,49,50,51,53,55,57,58,60,60,61,61,61
중위 추계(기본 추계: 출산율-중위 / 기대수명-중위 / 국제이동-중위 / 국내이동-중위),충청북도,학령인구(천명): 중학교(12~14세),43,43,43,43,44,44,43,42,40,39,37,33,30,28,26,26,25,24,24,25,26,27,28,29,30
중위 추계(기본 추계: 출산율-중위 / 기대수명-중위 / 국제이동-중위 / 국내이동-중위),충청북도,학령인구(천명): 고등학교(15~17세),44,42,42,43,43,43,43,44,44,43,42,41,39,37,34,30,28,27,26,25,24,24,25,26,27
중위 추계(기본 추계: 출산율-중위 / 기대수명-중위 / 국제이동-중위 / 국내이동-중위),충청북도,학령인구(천명): 대학교(18~21세),83,76,69,62,58,58,58,59,59,60,60,60,60,58,57,55,52,49,44,41,38,37,35,34,34
중위 추계(기본 추계: 출산율-중위 / 기대수명-중위 / 국제이동-중위 / 국내이동-중위),충청북도,청소년인구(천명): 9~24세,283,272,262,253,246,239,231,226,222,216,211,206,200,193,187,181,175,169,164,161,157,153,152,151,151
중위 추계(기본 추계: 출산율-중위 / 기대수명-중위 / 국제이동-중위 / 국내이동-중위),충청북도,- 구성비(%): 9~24세,17.3,16.7,16,15.5,15,14.6,14.1,13.7,13.4,13.1,12.8,12.4,12.1,11.6,11.2,10.9,10.5,10.2,9.9,9.6,9.4,9.2,9.1,9.1,9.1
중위 추계(기본 추계: 출산율-중위 / 기대수명-중위 / 국제이동-중위 / 국내이동-중위),충청북도,청년인구(천명): 19~34세,342,337,331,326,320,314,308,302,293,286,279,272,265,258,252,246,239,235,230,224,220,215,209,201,195
중위 추계(기본 추계: 출산율-중위 / 기대수명-중위 / 국제이동-중위 / 국내이동-중위),충청북도,- 구성비(%): 19~34세,21,20.6,20.3,19.9,19.6,19.1,18.8,18.3,17.8,17.3,16.9,16.4,16,15.5,15.2,14.8,14.3,14.1,13.8,13.5,13.2,12.9,12.6,12.2,11.8
중위 추계(기본 추계: 출산율-중위 / 기대수명-중위 / 국제이동-중위 / 국내이동-중위),충청남도,생산연령인구(천명): 계(15~64세),1510,1499,1493,1490,1483,1473,1460,1454,1444,1438,1426,1417,1404,1389,1368,1348,1324,1302,1279,1256,1235,1217,1200,1183,1166
중위 추계(기본 추계: 출산율-중위 / 기대수명-중위 / 국제이동-중위 / 국내이동-중위),충청남도,생산연령인구(천명): 15~24세,249,239,229,222,216,210,205,204,204,203,203,202,199,193,187,180,172,163,154,146,138,131,127,124,123
중위 추계(기본 추계: 출산율-중위 / 기대수명-중위 / 국제이동-중위 / 국내이동-중위),충청남도,생산연령인구(천명): 25~49세,766,754,747,741,735,731,728,722,713,704,691,677,663,652,643,637,631,625,620,613,606,598,586,572,557
중위 추계(기본 추계: 출산율-중위 / 기대수명-중위 / 국제이동-중위 / 국내이동-중위),충청남도,생산연령인구(천명): 50~64세,494,507,517,526,533,532,527,527,526,531,532,538,543,544,537,531,522,514,505,496,491,487,487,487,486
중위 추계(기본 추계: 출산율-중위 / 기대수명-중위 / 국제이동-중위 / 국내이동-중위),충청남도,- 구성비(%): 15~24세,11.5,11,10.5,10.2,9.8,9.5,9.3,9.2,9.2,9.1,9.1,9.1,8.9,8.6,8.3,8,7.6,7.2,6.8,6.5,6.1,5.8,5.6,5.5,5.5
중위 추계(기본 추계: 출산율-중위 / 기대수명-중위 / 국제이동-중위 / 국내이동-중위),충청남도,- 구성비(%): 25~49세,35.2,34.6,34.3,33.9,33.5,33.3,33,32.7,32.2,31.7,31,30.3,29.6,29.1,28.6,28.3,28,27.7,27.5,27.2,26.9,26.6,26.1,25.5,24.9
중위 추계(기본 추계: 출산율-중위 / 기대수명-중위 / 국제이동-중위 / 국내이동-중위),충청남도,- 구성비(%): 50~64세,22.7,23.3,23.7,24.1,24.3,24.2,23.9,23.8,23.7,23.9,23.9,24.1,24.2,24.3,23.9,23.6,23.2,22.8,22.4,22,21.8,21.6,21.6,21.7,21.7
중위 추계(기본 추계: 출산율-중위 / 기대수명-중위 / 국제이동-중위 / 국내이동-중위),충청남도,고령인구(천명): 65세+,390,407,426,445,466,492,520,542,565,583,606,625,646,666,692,714,738,760,782,802,820,835,849,862,875
중위 추계(기본 추계: 출산율-중위 / 기대수명-중위 / 국제이동-중위 / 국내이동-중위),충청남도,고령인구(천명): 65-69세,113,123,129,139,150,159,171,177,183,181,182,174,175,175,184,185,192,196,200,198,196,191,186,181,177
중위 추계(기본 추계: 출산율-중위 / 기대수명-중위 / 국제이동-중위 / 국내이동-중위),충청남도,고령인구(천명): 70세+,277,284,296,306,316,333,349,365,382,401,425,451,471,492,507,529,545,564,582,604,623,645,663,682,699
중위 추계(기본 추계: 출산율-중위 / 기대수명-중위 / 국제이동-중위 / 국내이동-중위),충청남도,고령인구(천명): 75세+,188,190,197,205,213,222,227,236,244,252,267,281,294,310,327,348,372,389,407,421,439,452,467,482,501
중위 추계(기본 추계: 출산율-중위 / 기대수명-중위 / 국제이동-중위 / 국내이동-중위),충청남도,고령인구(천명): 80세+,110,115,124,130,134,137,138,143,148,154,161,164,171,177,184,197,208,220,233,247,265,285,299,313,323
중위 추계(기본 추계: 출산율-중위 / 기대수명-중위 / 국제이동-중위 / 국내이동-중위),충청남도,고령인구(천명): 85세+,48,53,58,62,67,71,73,79,83,85,86,86,89,93,97,102,104,109,113,118,128,136,145,155,165
중위 추계(기본 추계: 출산율-중위 / 기대수명-중위 / 국제이동-중위 / 국내이동-중위),충청남도,- 구성비(%): 65세+,17.9,18.7,19.5,20.4,21.3,22.4,23.6,24.5,25.5,26.2,27.2,28,28.8,29.7,30.8,31.7,32.7,33.7,34.7,35.6,36.4,37.1,37.7,38.4,39
중위 추계(기본 추계: 출산율-중위 / 기대수명-중위 / 국제이동-중위 / 국내이동-중위),충청남도,- 구성비(%): 65-69세,5.2,5.6,5.9,6.4,6.8,7.2,7.8,8,8.3,8.2,8.2,7.8,7.8,7.8,8.2,8.2,8.5,8.7,8.9,8.8,8.7,8.5,8.2,8,7.9
중위 추계(기본 추계: 출산율-중위 / 기대수명-중위 / 국제이동-중위 / 국내이동-중위),충청남도,- 구성비(%): 70세+,12.7,13.1,13.6,14,14.4,15.2,15.8,16.5,17.2,18.1,19.1,20.2,21,21.9,22.6,23.5,24.2,25,25.8,26.8,27.7,28.6,29.5,30.3,31.2
중위 추계(기본 추계: 출산율-중위 / 기대수명-중위 / 국제이동-중위 / 국내이동-중위),충청남도,- 구성비(%): 75세+,8.6,8.7,9,9.4,9.7,10.1,10.3,10.7,11,11.4,12,12.6,13.2,13.8,14.6,15.5,16.5,17.3,18.1,18.6,19.5,20.1,20.8,21.5,22.3
중위 추계(기본 추계: 출산율-중위 / 기대수명-중위 / 국제이동-중위 / 국내이동-중위),충청남도,- 구성비(%): 80세+,5.1,5.3,5.7,6,6.1,6.2,6.2,6.5,6.7,6.9,7.2,7.4,7.7,7.9,8.2,8.7,9.2,9.7,10.3,11,11.7,12.6,13.3,13.9,14.4
중위 추계(기본 추계: 출산율-중위 / 기대수명-중위 / 국제이동-중위 / 국내이동-중위),충청남도,- 구성비(%): 85세+,2.2,2.4,2.6,2.8,3.1,3.2,3.3,3.6,3.7,3.8,3.9,3.8,4,4.1,4.3,4.5,4.6,4.8,5,5.2,5.7,6.1,6.4,6.9,7.4
중위 추계(기본 추계: 출산율-중위 / 기대수명-중위 / 국제이동-중위 / 국내이동-중위),충청남도,학령인구(천명): 계(6~21세),346,337,327,317,310,304,297,290,282,274,264,255,247,238,229,222,217,211,207,204,203,203,205,207,208
중위 추계(기본 추계: 출산율-중위 / 기대수명-중위 / 국제이동-중위 / 국내이동-중위),충청남도,학령인구(천명): 초등학교(6~11세),120,120,118,114,108,102,95,88,81,76,72,69,68,68,69,70,73,75,78,80,82,83,84,84,84
중위 추계(기본 추계: 출산율-중위 / 기대수명-중위 / 국제이동-중위 / 국내이동-중위),충청남도,학령인구(천명): 중학교(12~14세),60,61,61,61,62,62,60,58,57,54,50,46,42,38,36,35,34,33,33,34,36,37,39,40,41
중위 추계(기본 추계: 출산율-중위 / 기대수명-중위 / 국제이동-중위 / 국내이동-중위),충청남도,학령인구(천명): 고등학교(15~17세),60,58,58,60,61,61,61,62,62,60,58,57,54,50,46,42,39,36,35,34,33,33,34,36,37
중위 추계(기본 추계: 출산율-중위 / 기대수명-중위 / 국제이동-중위 / 국내이동-중위),충청남도,학령인구(천명): 대학교(18~21세),106,99,91,83,80,80,81,82,82,84,83,84,83,81,79,76,72,67,61,56,53,50,48,47,47
중위 추계(기본 추계: 출산율-중위 / 기대수명-중위 / 국제이동-중위 / 국내이동-중위),충청남도,청소년인구(천명): 9~24세,369,361,351,342,335,328,319,312,306,299,291,284,275,265,256,248,239,231,224,219,214,209,207,206,207
중위 추계(기본 추계: 출산율-중위 / 기대수명-중위 / 국제이동-중위 / 국내이동-중위),충청남도,- 구성비(%): 9~24세,17,16.6,16.1,15.7,15.3,14.9,14.5,14.1,13.8,13.4,13.1,12.7,12.3,11.8,11.4,11,10.6,10.3,9.9,9.7,9.5,9.3,9.2,9.2,9.2
중위 추계(기본 추계: 출산율-중위 / 기대수명-중위 / 국제이동-중위 / 국내이동-중위),충청남도,청년인구(천명): 19~34세,437,427,419,413,407,402,397,392,384,376,370,362,354,346,339,331,321,314,308,300,293,287,279,269,261
중위 추계(기본 추계: 출산율-중위 / 기대수명-중위 / 국제이동-중위 / 국내이동-중위),충청남도,- 구성비(%): 19~34세,20.1,19.6,19.2,18.9,18.6,18.3,18,17.7,17.3,16.9,16.6,16.2,15.8,15.4,15.1,14.7,14.3,13.9,13.7,13.3,13,12.7,12.4,12,11.7
중위 추계(기본 추계: 출산율-중위 / 기대수명-중위 / 국제이동-중위 / 국내이동-중위),전라북도,생산연령인구(천명): 계(15~64세),1223,1206,1187,1168,1148,1125,1102,1086,1067,1052,1035,1016,998,978,954,932,908,886,863,840,821,804,789,773,759
중위 추계(기본 추계: 출산율-중위 / 기대수명-중위 / 국제이동-중위 / 국내이동-중위),전라북도,생산연령인구(천명): 15~24세,221,209,197,188,179,171,165,162,160,157,156,154,150,144,138,132,124,117,109,103,96,91,87,85,84
중위 추계(기본 추계: 출산율-중위 / 기대수명-중위 / 국제이동-중위 / 국내이동-중위),전라북도,생산연령인구(천명): 25~49세,569,557,546,534,521,512,504,494,483,472,459,446,435,425,417,411,406,401,397,391,385,379,370,360,349
중위 추계(기본 추계: 출산율-중위 / 기대수명-중위 / 국제이동-중위 / 국내이동-중위),전라북도,생산연령인구(천명): 50~64세,432,439,444,446,448,441,433,430,424,423,420,416,413,409,399,390,378,368,357,346,340,334,332,329,326
중위 추계(기본 추계: 출산율-중위 / 기대수명-중위 / 국제이동-중위 / 국내이동-중위),전라북도,- 구성비(%): 15~24세,12.3,11.7,11.1,10.6,10.2,9.8,9.5,9.4,9.4,9.3,9.2,9.2,8.9,8.7,8.3,8,7.6,7.1,6.7,6.4,6,5.7,5.5,5.4,5.4
중위 추계(기본 추계: 출산율-중위 / 기대수명-중위 / 국제이동-중위 / 국내이동-중위),전라북도,- 구성비(%): 25~49세,31.5,31,30.7,30.2,29.7,29.4,29.1,28.7,28.2,27.8,27.2,26.5,26,25.5,25.2,24.9,24.7,24.6,24.4,24.2,24,23.8,23.3,22.8,22.3
중위 추계(기본 추계: 출산율-중위 / 기대수명-중위 / 국제이동-중위 / 국내이동-중위),전라북도,- 구성비(%): 50~64세,23.9,24.5,24.9,25.3,25.5,25.3,25,25,24.8,24.9,24.8,24.7,24.7,24.6,24.1,23.6,23.1,22.6,22,21.5,21.2,21,20.9,20.9,20.8
중위 추계(기본 추계: 출산율-중위 / 기대수명-중위 / 국제이동-중위 / 국내이동-중위),전라북도,고령인구(천명): 65세+,372,384,398,413,428,448,468,482,498,509,523,538,551,564,580,594,609,622,635,647,656,663,669,675,680
중위 추계(기본 추계: 출산율-중위 / 기대수명-중위 / 국제이동-중위 / 국내이동-중위),전라북도,고령인구(천명): 65-69세,105,111,115,123,131,137,146,149,152,150,146,142,143,141,148,149,151,153,155,153,150,144,139,134,129
중위 추계(기본 추계: 출산율-중위 / 기대수명-중위 / 국제이동-중위 / 국내이동-중위),전라북도,고령인구(천명): 70세+,266,274,283,289,298,311,322,333,346,360,378,396,408,423,432,445,457,469,480,494,506,519,530,541,551
중위 추계(기본 추계: 출산율-중위 / 기대수명-중위 / 국제이동-중위 / 국내이동-중위),전라북도,고령인구(천명): 75세+,177,180,188,195,200,209,214,221,226,232,243,253,262,273,285,301,317,328,340,348,358,369,378,387,399
중위 추계(기본 추계: 출산율-중위 / 기대수명-중위 / 국제이동-중위 / 국내이동-중위),전라북도,고령인구(천명): 80세+,102,106,115,121,124,126,127,133,138,141,148,151,156,159,164,174,181,189,198,208,221,235,243,253,258
중위 추계(기본 추계: 출산율-중위 / 기대수명-중위 / 국제이동-중위 / 국내이동-중위),전라북도,고령인구(천명): 85세+,44,48,52,56,59,63,65,71,75,76,77,77,81,84,86,90,92,95,98,101,108,114,119,126,133
중위 추계(기본 추계: 출산율-중위 / 기대수명-중위 / 국제이동-중위 / 국내이동-중위),전라북도,- 구성비(%): 65세+,20.6,21.4,22.4,23.4,24.4,25.7,27.1,28,29.2,30,31,32,32.9,33.9,35,36,37.1,38.1,39.1,40.1,40.9,41.6,42.2,42.8,43.4
중위 추계(기본 추계: 출산율-중위 / 기대수명-중위 / 국제이동-중위 / 국내이동-중위),전라북도,- 구성비(%): 65-69세,5.8,6.2,6.5,7,7.4,7.9,8.4,8.6,8.9,8.8,8.6,8.4,8.5,8.5,8.9,9,9.2,9.4,9.6,9.5,9.4,9.1,8.8,8.5,8.2
중위 추계(기본 추계: 출산율-중위 / 기대수명-중위 / 국제이동-중위 / 국내이동-중위),전라북도,- 구성비(%): 70세+,14.7,15.3,15.9,16.4,17,17.9,18.6,19.4,20.3,21.2,22.3,23.5,24.4,25.4,26.1,27,27.9,28.7,29.6,30.6,31.5,32.5,33.4,34.3,35.2
중위 추계(기본 추계: 출산율-중위 / 기대수명-중위 / 국제이동-중위 / 국내이동-중위),전라북도,- 구성비(%): 75세+,9.8,10,10.6,11.1,11.4,12,12.4,12.9,13.2,13.7,14.4,15,15.7,16.4,17.2,18.3,19.3,20.1,21,21.6,22.3,23.1,23.8,24.5,25.5
중위 추계(기본 추계: 출산율-중위 / 기대수명-중위 / 국제이동-중위 / 국내이동-중위),전라북도,- 구성비(%): 80세+,5.6,5.9,6.5,6.9,7.1,7.2,7.3,7.8,8.1,8.3,8.7,9,9.3,9.6,9.9,10.5,11,11.6,12.2,12.9,13.8,14.7,15.3,16.1,16.5
중위 추계(기본 추계: 출산율-중위 / 기대수명-중위 / 국제이동-중위 / 국내이동-중위),전라북도,- 구성비(%): 85세+,2.4,2.7,2.9,3.1,3.4,3.6,3.8,4.1,4.4,4.5,4.5,4.6,4.8,5,5.2,5.5,5.6,5.8,6,6.3,6.7,7.1,7.5,8,8.5
중위 추계(기본 추계: 출산율-중위 / 기대수명-중위 / 국제이동-중위 / 국내이동-중위),전라북도,학령인구(천명): 계(6~21세),289,279,266,254,245,237,228,220,212,204,194,186,178,169,162,155,150,144,140,137,136,135,136,137,137
중위 추계(기본 추계: 출산율-중위 / 기대수명-중위 / 국제이동-중위 / 국내이동-중위),전라북도,학령인구(천명): 초등학교(6~11세),94,93,91,86,81,75,69,63,57,53,49,47,45,45,45,46,48,49,51,52,53,54,54,54,54
중위 추계(기본 추계: 출산율-중위 / 기대수명-중위 / 국제이동-중위 / 국내이동-중위),전라북도,학령인구(천명): 중학교(12~14세),49,49,48,48,48,48,46,44,42,40,36,32,29,27,25,24,23,22,22,23,24,25,25,26,27
중위 추계(기본 추계: 출산율-중위 / 기대수명-중위 / 국제이동-중위 / 국내이동-중위),전라북도,학령인구(천명): 고등학교(15~17세),53,50,49,49,49,48,48,48,48,46,44,43,40,37,33,30,27,25,24,23,22,22,23,24,25
중위 추계(기본 추계: 출산율-중위 / 기대수명-중위 / 국제이동-중위 / 국내이동-중위),전라북도,학령인구(천명): 대학교(18~21세),94,87,79,71,68,66,65,65,64,65,64,64,63,61,59,55,52,48,43,39,37,35,33,32,32
중위 추계(기본 추계: 출산율-중위 / 기대수명-중위 / 국제이동-중위 / 국내이동-중위),전라북도,청소년인구(천명): 9~24세,318,307,294,282,272,261,251,243,235,227,219,211,203,193,185,178,169,162,156,151,146,142,139,138,138
중위 추계(기본 추계: 출산율-중위 / 기대수명-중위 / 국제이동-중위 / 국내이동-중위),전라북도,- 구성비(%): 9~24세,17.6,17.1,16.5,15.9,15.5,15,14.5,14.1,13.7,13.3,12.9,12.6,12.1,11.6,11.2,10.8,10.3,9.9,9.6,9.3,9.1,8.9,8.8,8.8,8.8
중위 추계(기본 추계: 출산율-중위 / 기대수명-중위 / 국제이동-중위 / 국내이동-중위),전라북도,청년인구(천명): 19~34세,342,335,327,319,311,302,295,287,278,270,263,255,248,241,234,228,220,214,208,201,195,189,182,175,168
중위 추계(기본 추계: 출산율-중위 / 기대수명-중위 / 국제이동-중위 / 국내이동-중위),전라북도,- 구성비(%): 19~34세,18.9,18.7,18.4,18.1,17.7,17.4,17,16.7,16.3,15.9,15.5,15.2,14.8,14.5,14.2,13.8,13.4,13.1,12.8,12.4,12.1,11.8,11.5,11.1,10.8
중위 추계(기본 추계: 출산율-중위 / 기대수명-중위 / 국제이동-중위 / 국내이동-중위),전라남도,생산연령인구(천명): 계(15~64세),1172,1157,1138,1121,1103,1083,1064,1050,1033,1020,1004,987,970,951,929,908,885,864,842,821,803,787,772,757,743
중위 추계(기본 추계: 출산율-중위 / 기대수명-중위 / 국제이동-중위 / 국내이동-중위),전라남도,생산연령인구(천명): 15~24세,184,173,162,157,153,148,146,145,144,142,141,140,137,132,127,121,114,107,100,94,88,83,79,77,76
중위 추계(기본 추계: 출산율-중위 / 기대수명-중위 / 국제이동-중위 / 국내이동-중위),전라남도,생산연령인구(천명): 25~49세,545,532,518,504,491,481,472,462,452,442,430,417,405,396,388,381,377,372,368,363,358,352,343,333,323
중위 추계(기본 추계: 출산율-중위 / 기대수명-중위 / 국제이동-중위 / 국내이동-중위),전라남도,생산연령인구(천명): 50~64세,443,453,458,460,460,454,446,443,437,435,433,429,428,424,415,406,395,385,374,364,357,352,349,347,344
중위 추계(기본 추계: 출산율-중위 / 기대수명-중위 / 국제이동-중위 / 국내이동-중위),전라남도,- 구성비(%): 15~24세,10.3,9.7,9.2,8.9,8.7,8.5,8.5,8.5,8.4,8.3,8.3,8.3,8.1,7.8,7.6,7.3,6.9,6.5,6.1,5.7,5.4,5.1,4.9,4.8,4.8
중위 추계(기본 추계: 출산율-중위 / 기대수명-중위 / 국제이동-중위 / 국내이동-중위),전라남도,- 구성비(%): 25~49세,30.4,29.8,29.3,28.7,28.1,27.7,27.3,26.8,26.4,25.9,25.3,24.7,24.1,23.6,23.2,22.9,22.8,22.6,22.4,22.2,22,21.7,21.3,20.8,20.3
중위 추계(기본 추계: 출산율-중위 / 기대수명-중위 / 국제이동-중위 / 국내이동-중위),전라남도,- 구성비(%): 50~64세,24.7,25.4,25.9,26.2,26.3,26.1,25.8,25.7,25.5,25.5,25.5,25.4,25.4,25.3,24.8,24.4,23.8,23.3,22.8,22.3,22,21.8,21.7,21.7,21.6
중위 추계(기본 추계: 출산율-중위 / 기대수명-중위 / 국제이동-중위 / 국내이동-중위),전라남도,고령인구(천명): 65세+,410,421,433,447,463,482,501,516,532,545,559,575,589,603,620,635,651,665,679,692,702,710,717,723,729
중위 추계(기본 추계: 출산율-중위 / 기대수명-중위 / 국제이동-중위 / 국내이동-중위),전라남도,고령인구(천명): 65-69세,109,114,118,127,137,145,155,159,163,162,158,156,157,155,161,163,164,166,167,165,161,155,150,145,140
중위 추계(기본 추계: 출산율-중위 / 기대수명-중위 / 국제이동-중위 / 국내이동-중위),전라남도,고령인구(천명): 70세+,301,307,315,321,326,337,346,357,369,384,401,419,432,448,459,472,487,499,512,527,540,555,567,578,589
중위 추계(기본 추계: 출산율-중위 / 기대수명-중위 / 국제이동-중위 / 국내이동-중위),전라남도,고령인구(천명): 75세+,205,207,214,220,224,230,234,240,244,248,258,266,275,286,299,315,332,343,357,367,378,390,400,411,424
중위 추계(기본 추계: 출산율-중위 / 기대수명-중위 / 국제이동-중위 / 국내이동-중위),전라남도,고령인구(천명): 80세+,117,123,131,138,139,142,142,146,150,154,158,161,165,168,171,179,186,194,203,214,228,242,251,262,270
중위 추계(기본 추계: 출산율-중위 / 기대수명-중위 / 국제이동-중위 / 국내이동-중위),전라남도,고령인구(천명): 85세+,49,53,57,61,65,69,72,77,82,82,83,82,85,87,89,92,94,97,99,102,108,113,119,126,134
중위 추계(기본 추계: 출산율-중위 / 기대수명-중위 / 국제이동-중위 / 국내이동-중위),전라남도,- 구성비(%): 65세+,22.9,23.6,24.5,25.5,26.5,27.7,29,30,31.1,32,32.9,34,35,36,37.1,38.2,39.3,40.3,41.4,42.4,43.2,43.9,44.6,45.2,45.8
중위 추계(기본 추계: 출산율-중위 / 기대수명-중위 / 국제이동-중위 / 국내이동-중위),전라남도,- 구성비(%): 65-69세,6.1,6.4,6.7,7.2,7.8,8.4,9,9.2,9.5,9.5,9.3,9.2,9.3,9.3,9.6,9.8,9.9,10.1,10.2,10.1,9.9,9.6,9.3,9,8.8
중위 추계(기본 추계: 출산율-중위 / 기대수명-중위 / 국제이동-중위 / 국내이동-중위),전라남도,- 구성비(%): 70세+,16.8,17.2,17.8,18.2,18.7,19.4,20,20.7,21.5,22.5,23.6,24.8,25.7,26.7,27.5,28.4,29.4,30.3,31.2,32.3,33.3,34.3,35.2,36.2,37
중위 추계(기본 추계: 출산율-중위 / 기대수명-중위 / 국제이동-중위 / 국내이동-중위),전라남도,- 구성비(%): 75세+,11.4,11.6,12.1,12.5,12.8,13.2,13.5,14,14.3,14.6,15.2,15.7,16.3,17.1,17.9,19,20,20.8,21.8,22.5,23.3,24.1,24.9,25.7,26.6
중위 추계(기본 추계: 출산율-중위 / 기대수명-중위 / 국제이동-중위 / 국내이동-중위),전라남도,- 구성비(%): 80세+,6.5,6.9,7.4,7.9,8,8.2,8.2,8.5,8.8,9,9.3,9.5,9.8,10,10.2,10.8,11.2,11.7,12.4,13.1,14,15,15.6,16.4,17
중위 추계(기본 추계: 출산율-중위 / 기대수명-중위 / 국제이동-중위 / 국내이동-중위),전라남도,- 구성비(%): 85세+,2.7,3,3.2,3.5,3.7,4,4.2,4.5,4.8,4.8,4.9,4.8,5,5.2,5.4,5.5,5.7,5.9,6,6.2,6.6,7,7.4,7.9,8.4
중위 추계(기본 추계: 출산율-중위 / 기대수명-중위 / 국제이동-중위 / 국내이동-중위),전라남도,학령인구(천명): 계(6~21세),262,255,247,241,235,228,221,214,207,200,191,183,175,167,159,152,146,141,136,133,130,129,129,129,129
중위 추계(기본 추계: 출산율-중위 / 기대수명-중위 / 국제이동-중위 / 국내이동-중위),전라남도,학령인구(천명): 초등학교(6~11세),92,91,90,86,81,75,70,65,59,55,51,48,46,45,45,46,47,48,49,50,50,51,51,50,50
중위 추계(기본 추계: 출산율-중위 / 기대수명-중위 / 국제이동-중위 / 국내이동-중위),전라남도,학령인구(천명): 중학교(12~14세),46,47,46,46,47,48,46,44,42,40,37,33,30,28,26,24,23,22,22,22,23,24,25,25,25
중위 추계(기본 추계: 출산율-중위 / 기대수명-중위 / 국제이동-중위 / 국내이동-중위),전라남도,학령인구(천명): 고등학교(15~17세),49,47,45,46,47,46,46,47,48,46,44,42,40,37,33,31,28,26,24,23,22,22,23,23,24
중위 추계(기본 추계: 출산율-중위 / 기대수명-중위 / 국제이동-중위 / 국내이동-중위),전라남도,학령인구(천명): 대학교(18~21세),74,70,65,63,60,59,58,58,58,59,59,60,59,57,55,52,49,45,41,37,35,33,31,30,29
중위 추계(기본 추계: 출산율-중위 / 기대수명-중위 / 국제이동-중위 / 국내이동-중위),전라남도,청소년인구(천명): 9~24세,277,267,257,250,244,238,232,226,220,213,206,199,191,183,175,167,159,152,146,141,136,132,129,128,127
중위 추계(기본 추계: 출산율-중위 / 기대수명-중위 / 국제이동-중위 / 국내이동-중위),전라남도,- 구성비(%): 9~24세,15.4,15,14.5,14.2,14,13.7,13.4,13.1,12.8,12.5,12.1,11.8,11.4,10.9,10.5,10.1,9.6,9.2,8.9,8.6,8.4,8.2,8,8,8
중위 추계(기본 추계: 출산율-중위 / 기대수명-중위 / 국제이동-중위 / 국내이동-중위),전라남도,청년인구(천명): 19~34세,300,289,278,271,264,257,251,244,237,229,224,218,213,207,202,197,191,185,180,175,169,164,159,152,147
중위 추계(기본 추계: 출산율-중위 / 기대수명-중위 / 국제이동-중위 / 국내이동-중위),전라남도,- 구성비(%): 19~34세,16.7,16.2,15.7,15.4,15.1,14.8,14.5,14.2,13.8,13.4,13.2,12.9,12.6,12.4,12.1,11.8,11.5,11.3,11,10.7,10.4,10.2,9.9,9.5,9.2
중위 추계(기본 추계: 출산율-중위 / 기대수명-중위 / 국제이동-중위 / 국내이동-중위),경상북도,생산연령인구(천명): 계(15~64세),1801,1776,1747,1723,1696,1664,1632,1608,1581,1560,1535,1510,1483,1454,1420,1386,1352,1319,1285,1252,1223,1196,1173,1149,1126
중위 추계(기본 추계: 출산율-중위 / 기대수명-중위 / 국제이동-중위 / 국내이동-중위),경상북도,생산연령인구(천명): 15~24세,285,269,253,244,236,227,222,220,220,217,217,216,212,205,198,190,180,169,159,149,140,131,125,121,119
중위 추계(기본 추계: 출산율-중위 / 기대수명-중위 / 국제이동-중위 / 국내이동-중위),경상북도,생산연령인구(천명): 25~49세,845,826,810,791,773,759,746,732,716,700,680,660,640,624,611,600,592,584,576,567,557,548,534,519,503
중위 추계(기본 추계: 출산율-중위 / 기대수명-중위 / 국제이동-중위 / 국내이동-중위),경상북도,생산연령인구(천명): 50~64세,671,680,685,688,688,678,664,656,646,642,638,634,632,625,610,596,580,566,550,536,525,517,513,509,504
중위 추계(기본 추계: 출산율-중위 / 기대수명-중위 / 국제이동-중위 / 국내이동-중위),경상북도,- 구성비(%): 15~24세,10.7,10.2,9.6,9.3,9,8.7,8.6,8.5,8.5,8.5,8.5,8.5,8.4,8.1,7.9,7.6,7.2,6.8,6.4,6.1,5.7,5.4,5.2,5.1,5
중위 추계(기본 추계: 출산율-중위 / 기대수명-중위 / 국제이동-중위 / 국내이동-중위),경상북도,- 구성비(%): 25~49세,31.9,31.3,30.8,30.2,29.6,29.2,28.9,28.4,27.9,27.3,26.6,25.9,25.3,24.7,24.3,24,23.7,23.5,23.3,23.1,22.8,22.6,22.2,21.7,21.2
중위 추계(기본 추계: 출산율-중위 / 기대수명-중위 / 국제이동-중위 / 국내이동-중위),경상북도,- 구성비(%): 50~64세,25.3,25.8,26,26.3,26.4,26.1,25.7,25.4,25.1,25.1,25,24.9,24.9,24.7,24.3,23.8,23.3,22.8,22.3,21.8,21.5,21.3,21.3,21.3,21.2
중위 추계(기본 추계: 출산율-중위 / 기대수명-중위 / 국제이동-중위 / 국내이동-중위),경상북도,고령인구(천명): 65세+,551,574,600,625,653,685,720,747,776,798,822,846,869,892,919,942,966,987,1007,1026,1040,1051,1060,1068,1075
중위 추계(기본 추계: 출산율-중위 / 기대수명-중위 / 국제이동-중위 / 국내이동-중위),경상북도,고령인구(천명): 65-69세,167,181,190,198,210,222,237,242,249,246,240,233,232,230,237,239,241,243,243,239,233,225,217,209,202
중위 추계(기본 추계: 출산율-중위 / 기대수명-중위 / 국제이동-중위 / 국내이동-중위),경상북도,고령인구(천명): 70세+,383,393,410,427,442,463,483,505,527,552,582,613,637,663,682,703,724,744,764,787,807,826,843,859,874
중위 추계(기본 추계: 출산율-중위 / 기대수명-중위 / 국제이동-중위 / 국내이동-중위),경상북도,고령인구(천명): 75세+,259,259,268,278,290,300,306,320,334,346,364,381,400,419,440,467,495,515,537,552,570,587,602,618,636
중위 추계(기본 추계: 출산율-중위 / 기대수명-중위 / 국제이동-중위 / 국내이동-중위),경상북도,고령인구(천명): 80세+,148,156,166,176,182,185,182,188,196,204,211,216,227,237,247,261,275,291,306,324,346,369,385,402,412
중위 추계(기본 추계: 출산율-중위 / 기대수명-중위 / 국제이동-중위 / 국내이동-중위),경상북도,고령인구(천명): 85세+,62,68,74,79,85,91,95,102,108,111,112,109,113,118,123,128,131,139,147,153,164,174,186,197,209
중위 추계(기본 추계: 출산율-중위 / 기대수명-중위 / 국제이동-중위 / 국내이동-중위),경상북도,- 구성비(%): 65세+,20.8,21.7,22.8,23.9,25,26.4,27.8,29,30.2,31.2,32.2,33.3,34.3,35.4,36.5,37.6,38.7,39.8,40.8,41.8,42.6,43.3,44,44.6,45.2
중위 추계(기본 추계: 출산율-중위 / 기대수명-중위 / 국제이동-중위 / 국내이동-중위),경상북도,- 구성비(%): 65-69세,6.3,6.9,7.2,7.5,8.1,8.6,9.2,9.4,9.7,9.6,9.4,9.2,9.1,9.1,9.4,9.6,9.7,9.8,9.9,9.7,9.6,9.3,9,8.7,8.5
중위 추계(기본 추계: 출산율-중위 / 기대수명-중위 / 국제이동-중위 / 국내이동-중위),경상북도,- 구성비(%): 70세+,14.5,14.9,15.6,16.3,17,17.8,18.7,19.6,20.5,21.6,22.8,24.1,25.1,26.3,27.1,28.1,29,30,30.9,32,33,34.1,35,35.9,36.7
중위 추계(기본 추계: 출산율-중위 / 기대수명-중위 / 국제이동-중위 / 국내이동-중위),경상북도,- 구성비(%): 75세+,9.8,9.8,10.2,10.6,11.1,11.5,11.8,12.4,13,13.5,14.2,15,15.8,16.6,17.5,18.6,19.8,20.8,21.8,22.5,23.3,24.2,25,25.8,26.7
중위 추계(기본 추계: 출산율-중위 / 기대수명-중위 / 국제이동-중위 / 국내이동-중위),경상북도,- 구성비(%): 80세+,5.6,5.9,6.3,6.7,7,7.1,7,7.3,7.6,8,8.3,8.5,8.9,9.4,9.8,10.4,11,11.7,12.4,13.2,14.2,15.2,16,16.8,17.3
중위 추계(기본 추계: 출산율-중위 / 기대수명-중위 / 국제이동-중위 / 국내이동-중위),경상북도,- 구성비(%): 85세+,2.3,2.6,2.8,3,3.3,3.5,3.7,3.9,4.2,4.3,4.4,4.3,4.5,4.7,4.9,5.1,5.3,5.6,5.9,6.2,6.7,7.2,7.7,8.2,8.8
중위 추계(기본 추계: 출산율-중위 / 기대수명-중위 / 국제이동-중위 / 국내이동-중위),경상북도,학령인구(천명): 계(6~21세),382,372,358,346,337,329,320,310,301,291,278,267,257,246,235,225,217,208,201,196,192,191,190,190,191
중위 추계(기본 추계: 출산율-중위 / 기대수명-중위 / 국제이동-중위 / 국내이동-중위),경상북도,학령인구(천명): 초등학교(6~11세),130,129,128,123,117,109,101,93,84,78,72,68,66,65,65,65,67,69,71,72,73,74,74,74,73
중위 추계(기본 추계: 출산율-중위 / 기대수명-중위 / 국제이동-중위 / 국내이동-중위),경상북도,학령인구(천명): 중학교(12~14세),65,65,64,64,65,66,64,63,61,58,53,48,43,39,36,35,33,31,31,32,33,34,35,36,37
중위 추계(기본 추계: 출산율-중위 / 기대수명-중위 / 국제이동-중위 / 국내이동-중위),경상북도,학령인구(천명): 고등학교(15~17세),68,66,64,66,66,65,65,66,67,65,64,62,59,54,49,44,40,37,35,33,32,32,33,34,35
중위 추계(기본 추계: 출산율-중위 / 기대수명-중위 / 국제이동-중위 / 국내이동-중위),경상북도,학령인구(천명): 대학교(18~21세),120,112,101,93,89,88,89,88,88,89,89,90,89,87,85,81,77,71,64,58,54,51,48,46,45
중위 추계(기본 추계: 출산율-중위 / 기대수명-중위 / 국제이동-중위 / 국내이동-중위),경상북도,청소년인구(천명): 9~24세,414,400,384,373,364,354,344,336,328,318,309,300,289,277,266,256,245,234,224,216,209,202,197,195,193
중위 추계(기본 추계: 출산율-중위 / 기대수명-중위 / 국제이동-중위 / 국내이동-중위),경상북도,- 구성비(%): 9~24세,15.6,15.1,14.6,14.2,14,13.6,13.3,13,12.8,12.4,12.1,11.8,11.4,11,10.6,10.2,9.8,9.4,9.1,8.8,8.5,8.3,8.2,8.1,8.1
중위 추계(기본 추계: 출산율-중위 / 기대수명-중위 / 국제이동-중위 / 국내이동-중위),경상북도,청년인구(천명): 19~34세,481,467,451,439,427,416,406,395,383,372,363,354,346,337,330,322,312,305,297,288,280,272,263,252,243
중위 추계(기본 추계: 출산율-중위 / 기대수명-중위 / 국제이동-중위 / 국내이동-중위),경상북도,- 구성비(%): 19~34세,18.1,17.7,17.1,16.8,16.4,16,15.7,15.3,14.9,14.5,14.2,13.9,13.7,13.4,13.1,12.8,12.5,12.3,12,11.7,11.5,11.2,10.9,10.5,10.2
중위 추계(기본 추계: 출산율-중위 / 기대수명-중위 / 국제이동-중위 / 국내이동-중위),경상남도,생산연령인구(천명): 계(15~64세),2351,2313,2270,2242,2212,2177,2139,2111,2078,2055,2024,1992,1956,1917,1870,1824,1776,1730,1683,1639,1598,1562,1529,1496,1463
중위 추계(기본 추계: 출산율-중위 / 기대수명-중위 / 국제이동-중위 / 국내이동-중위),경상남도,생산연령인구(천명): 15~24세,351,331,312,304,299,292,292,292,291,290,290,288,282,272,261,249,233,218,204,190,177,165,157,152,150
중위 추계(기본 추계: 출산율-중위 / 기대수명-중위 / 국제이동-중위 / 국내이동-중위),경상남도,생산연령인구(천명): 25~49세,1169,1135,1102,1073,1046,1024,1002,981,958,935,905,875,847,825,806,791,778,767,756,743,730,716,698,677,655
중위 추계(기본 추계: 출산율-중위 / 기대수명-중위 / 국제이동-중위 / 국내이동-중위),경상남도,생산연령인구(천명): 50~64세,832,847,857,865,868,861,846,838,828,830,830,829,827,820,803,785,765,745,724,705,692,680,674,667,658
중위 추계(기본 추계: 출산율-중위 / 기대수명-중위 / 국제이동-중위 / 국내이동-중위),경상남도,- 구성비(%): 15~24세,10.5,10,9.5,9.3,9.1,9,9,9,9.1,9,9.1,9.1,8.9,8.6,8.3,8,7.5,7.1,6.7,6.2,5.8,5.5,5.3,5.2,5.1
중위 추계(기본 추계: 출산율-중위 / 기대수명-중위 / 국제이동-중위 / 국내이동-중위),경상남도,- 구성비(%): 25~49세,35,34.2,33.5,32.8,32,31.5,30.9,30.4,29.8,29.2,28.3,27.5,26.8,26.2,25.7,25.4,25.1,24.9,24.7,24.4,24.1,23.9,23.4,22.9,22.3
중위 추계(기본 추계: 출산율-중위 / 기대수명-중위 / 국제이동-중위 / 국내이동-중위),경상남도,- 구성비(%): 50~64세,24.9,25.5,26,26.4,26.6,26.5,26.1,26,25.7,25.9,26,26.1,26.1,26,25.6,25.2,24.7,24.2,23.6,23.2,22.9,22.7,22.6,22.5,22.4
중위 추계(기본 추계: 출산율-중위 / 기대수명-중위 / 국제이동-중위 / 국내이동-중위),경상남도,고령인구(천명): 65세+,556,586,617,651,686,726,771,805,843,868,899,931,960,990,1025,1055,1086,1114,1141,1164,1183,1198,1209,1221,1232
중위 추계(기본 추계: 출산율-중위 / 기대수명-중위 / 국제이동-중위 / 국내이동-중위),경상남도,고령인구(천명): 65-69세,181,197,210,225,242,254,273,280,288,283,278,269,270,267,280,284,289,292,294,289,282,272,262,253,247
중위 추계(기본 추계: 출산율-중위 / 기대수명-중위 / 국제이동-중위 / 국내이동-중위),경상남도,고령인구(천명): 70세+,375,388,407,426,444,472,498,525,555,585,621,661,691,723,744,771,797,822,847,876,901,926,947,968,985
중위 추계(기본 추계: 출산율-중위 / 기대수명-중위 / 국제이동-중위 / 국내이동-중위),경상남도,고령인구(천명): 75세+,244,246,258,271,284,297,307,322,337,351,375,397,420,445,471,502,536,561,588,604,625,646,664,683,705
중위 추계(기본 추계: 출산율-중위 / 기대수명-중위 / 국제이동-중위 / 국내이동-중위),경상남도,고령인구(천명): 80세+,135,144,154,163,168,175,175,183,193,202,211,218,230,241,252,271,288,307,327,347,372,400,418,438,448
중위 추계(기본 추계: 출산율-중위 / 기대수명-중위 / 국제이동-중위 / 국내이동-중위),경상남도,고령인구(천명): 85세+,56,62,68,72,78,83,88,95,100,103,106,105,111,117,123,129,133,141,149,156,170,182,195,209,223
중위 추계(기본 추계: 출산율-중위 / 기대수명-중위 / 국제이동-중위 / 국내이동-중위),경상남도,- 구성비(%): 65세+,16.6,17.7,18.8,19.9,21,22.3,23.8,24.9,26.2,27.1,28.2,29.3,30.3,31.4,32.7,33.8,35,36.1,37.2,38.3,39.1,39.9,40.6,41.3,42
중위 추계(기본 추계: 출산율-중위 / 기대수명-중위 / 국제이동-중위 / 국내이동-중위),경상남도,- 구성비(%): 65-69세,5.4,5.9,6.4,6.9,7.4,7.8,8.4,8.7,8.9,8.8,8.7,8.5,8.5,8.5,8.9,9.1,9.3,9.5,9.6,9.5,9.3,9.1,8.8,8.6,8.4
중위 추계(기본 추계: 출산율-중위 / 기대수명-중위 / 국제이동-중위 / 국내이동-중위),경상남도,- 구성비(%): 70세+,11.2,11.7,12.4,13,13.6,14.5,15.4,16.3,17.2,18.3,19.4,20.8,21.8,23,23.7,24.7,25.7,26.7,27.6,28.8,29.8,30.8,31.8,32.7,33.6
중위 추계(기본 추계: 출산율-중위 / 기대수명-중위 / 국제이동-중위 / 국내이동-중위),경상남도,- 구성비(%): 75세+,7.3,7.4,7.8,8.3,8.7,9.1,9.5,10,10.5,11,11.7,12.5,13.3,14.1,15,16.1,17.3,18.2,19.2,19.8,20.7,21.5,22.3,23.1,24
중위 추계(기본 추계: 출산율-중위 / 기대수명-중위 / 국제이동-중위 / 국내이동-중위),경상남도,- 구성비(%): 80세+,4.1,4.3,4.7,5,5.2,5.4,5.4,5.7,6,6.3,6.6,6.9,7.3,7.6,8,8.7,9.3,10,10.7,11.4,12.3,13.3,14,14.8,15.3
중위 추계(기본 추계: 출산율-중위 / 기대수명-중위 / 국제이동-중위 / 국내이동-중위),경상남도,- 구성비(%): 85세+,1.7,1.9,2.1,2.2,2.4,2.6,2.7,2.9,3.1,3.2,3.3,3.3,3.5,3.7,3.9,4.1,4.3,4.6,4.9,5.1,5.6,6.1,6.6,7.1,7.6
중위 추계(기본 추계: 출산율-중위 / 기대수명-중위 / 국제이동-중위 / 국내이동-중위),경상남도,학령인구(천명): 계(6~21세),519,509,495,486,477,465,451,438,424,408,390,373,357,339,323,308,295,282,271,264,259,257,256,257,257
중위 추계(기본 추계: 출산율-중위 / 기대수명-중위 / 국제이동-중위 / 국내이동-중위),경상남도,학령인구(천명): 초등학교(6~11세),192,190,188,180,169,158,145,132,119,109,101,95,92,90,90,91,93,95,98,99,101,102,102,102,101
중위 추계(기본 추계: 출산율-중위 / 기대수명-중위 / 국제이동-중위 / 국내이동-중위),경상남도,학령인구(천명): 중학교(12~14세),94,96,96,95,97,98,94,92,89,85,77,69,61,55,51,48,46,44,44,45,46,48,49,50,51
중위 추계(기본 추계: 출산율-중위 / 기대수명-중위 / 국제이동-중위 / 국내이동-중위),경상남도,학령인구(천명): 고등학교(15~17세),94,91,90,93,95,95,95,96,97,94,92,89,84,77,68,61,55,51,49,46,44,44,45,46,48
중위 추계(기본 추계: 출산율-중위 / 기대수명-중위 / 국제이동-중위 / 국내이동-중위),경상남도,학령인구(천명): 대학교(18~21세),140,132,122,118,116,115,117,118,119,121,120,121,120,117,113,108,101,92,82,74,68,64,61,58,57
중위 추계(기본 추계: 출산율-중위 / 기대수명-중위 / 국제이동-중위 / 국내이동-중위),경상남도,청소년인구(천명): 9~24세,541,525,505,495,487,479,471,461,449,435,422,408,392,373,357,341,324,309,295,283,273,263,257,254,252
중위 추계(기본 추계: 출산율-중위 / 기대수명-중위 / 국제이동-중위 / 국내이동-중위),경상남도,- 구성비(%): 9~24세,16.2,15.8,15.4,15.1,14.9,14.7,14.5,14.3,14,13.6,13.2,12.8,12.4,11.8,11.4,10.9,10.4,10,9.6,9.3,9,8.8,8.6,8.6,8.6
중위 추계(기본 추계: 출산율-중위 / 기대수명-중위 / 국제이동-중위 / 국내이동-중위),경상남도,청년인구(천명): 19~34세,612,584,556,541,527,512,501,489,475,462,452,441,431,422,413,404,393,383,372,360,348,338,326,312,301
중위 추계(기본 추계: 출산율-중위 / 기대수명-중위 / 국제이동-중위 / 국내이동-중위),경상남도,- 구성비(%): 19~34세,18.3,17.6,16.9,16.5,16.1,15.7,15.4,15.1,14.8,14.4,14.2,13.9,13.6,13.4,13.2,12.9,12.7,12.4,12.1,11.8,11.5,11.3,10.9,10.6,10.3
중위 추계(기본 추계: 출산율-중위 / 기대수명-중위 / 국제이동-중위 / 국내이동-중위),제주특별자치도,생산연령인구(천명): 계(15~64세),471,471,471,472,473,472,472,472,471,470,469,466,464,460,455,448,441,434,427,420,414,408,403,398,393
중위 추계(기본 추계: 출산율-중위 / 기대수명-중위 / 국제이동-중위 / 국내이동-중위),제주특별자치도,생산연령인구(천명): 15~24세,74,71,68,67,67,66,67,68,68,68,69,69,68,67,65,63,60,57,54,52,49,46,45,44,44
중위 추계(기본 추계: 출산율-중위 / 기대수명-중위 / 국제이동-중위 / 국내이동-중위),제주특별자치도,생산연령인구(천명): 25~49세,244,242,240,238,236,235,234,232,231,229,225,221,217,214,212,210,209,208,206,205,203,200,196,191,186
중위 추계(기본 추계: 출산율-중위 / 기대수명-중위 / 국제이동-중위 / 국내이동-중위),제주특별자치도,생산연령인구(천명): 50~64세,153,158,162,166,170,171,171,172,172,173,175,176,179,179,177,175,172,169,166,164,162,162,162,163,162
중위 추계(기본 추계: 출산율-중위 / 기대수명-중위 / 국제이동-중위 / 국내이동-중위),제주특별자치도,- 구성비(%): 15~24세,11.1,10.6,10.1,9.9,9.8,9.6,9.6,9.7,9.7,9.7,9.7,9.8,9.6,9.4,9.2,8.9,8.4,8,7.6,7.2,6.8,6.5,6.3,6.1,6.1
중위 추계(기본 추계: 출산율-중위 / 기대수명-중위 / 국제이동-중위 / 국내이동-중위),제주특별자치도,- 구성비(%): 25~49세,36.5,36,35.5,35,34.5,34.1,33.8,33.4,33,32.6,31.9,31.2,30.6,30.1,29.7,29.4,29.2,29,28.8,28.5,28.2,27.9,27.4,26.8,26.1
중위 추계(기본 추계: 출산율-중위 / 기대수명-중위 / 국제이동-중위 / 국내이동-중위),제주특별자치도,- 구성비(%): 50~64세,22.9,23.4,24,24.5,24.8,24.8,24.7,24.7,24.5,24.6,24.8,24.9,25.2,25.2,24.9,24.5,24,23.6,23.2,22.8,22.7,22.6,22.6,22.7,22.8
중위 추계(기본 추계: 출산율-중위 / 기대수명-중위 / 국제이동-중위 / 국내이동-중위),제주특별자치도,고령인구(천명): 65세+,101,106,112,117,123,130,137,144,151,157,163,170,176,182,189,196,204,211,217,224,229,233,238,242,246
중위 추계(기본 추계: 출산율-중위 / 기대수명-중위 / 국제이동-중위 / 국내이동-중위),제주특별자치도,고령인구(천명): 65-69세,30,33,35,38,42,44,46,48,50,51,50,51,51,51,53,55,57,58,60,59,58,56,55,53,52
중위 추계(기본 추계: 출산율-중위 / 기대수명-중위 / 국제이동-중위 / 국내이동-중위),제주특별자치도,고령인구(천명): 70세+,71,73,76,79,82,87,91,96,101,106,113,119,125,131,136,141,147,152,158,165,171,177,183,188,194
중위 추계(기본 추계: 출산율-중위 / 기대수명-중위 / 국제이동-중위 / 국내이동-중위),제주특별자치도,고령인구(천명): 75세+,46,48,51,53,55,57,59,61,64,66,70,74,78,82,87,93,98,103,109,113,117,122,126,131,136
중위 추계(기본 추계: 출산율-중위 / 기대수명-중위 / 국제이동-중위 / 국내이동-중위),제주특별자치도,고령인구(천명): 80세+,27,28,30,32,33,35,36,37,39,41,42,44,45,47,49,52,55,59,62,66,71,75,79,84,87
중위 추계(기본 추계: 출산율-중위 / 기대수명-중위 / 국제이동-중위 / 국내이동-중위),제주특별자치도,고령인구(천명): 85세+,12,13,14,15,16,17,19,20,21,22,22,23,24,25,26,27,28,29,30,32,34,37,39,42,45
중위 추계(기본 추계: 출산율-중위 / 기대수명-중위 / 국제이동-중위 / 국내이동-중위),제주특별자치도,- 구성비(%): 65세+,15.1,15.8,16.5,17.2,18,18.9,19.8,20.6,21.6,22.3,23.1,24,24.7,25.6,26.6,27.5,28.5,29.4,30.3,31.2,31.9,32.6,33.2,33.8,34.4
중위 추계(기본 추계: 출산율-중위 / 기대수명-중위 / 국제이동-중위 / 국내이동-중위),제주특별자치도,- 구성비(%): 65-69세,4.5,4.9,5.2,5.6,6.1,6.3,6.7,6.9,7.1,7.2,7.1,7.2,7.2,7.2,7.5,7.7,7.9,8.2,8.3,8.3,8.1,7.9,7.6,7.4,7.3
중위 추계(기본 추계: 출산율-중위 / 기대수명-중위 / 국제이동-중위 / 국내이동-중위),제주특별자치도,- 구성비(%): 70세+,10.6,10.9,11.3,11.6,11.9,12.6,13.2,13.8,14.4,15.1,16,16.8,17.5,18.4,19.1,19.8,20.6,21.3,22,22.9,23.8,24.7,25.5,26.3,27.1
중위 추계(기본 추계: 출산율-중위 / 기대수명-중위 / 국제이동-중위 / 국내이동-중위),제주특별자치도,- 구성비(%): 75세+,6.9,7.2,7.5,7.8,8.1,8.3,8.5,8.8,9.1,9.4,10,10.5,11,11.6,12.2,12.9,13.7,14.4,15.1,15.7,16.3,17,17.6,18.3,19.1
중위 추계(기본 추계: 출산율-중위 / 기대수명-중위 / 국제이동-중위 / 국내이동-중위),제주특별자치도,- 구성비(%): 80세+,4,4.2,4.5,4.7,4.8,5,5.1,5.4,5.6,5.8,6,6.2,6.4,6.6,6.8,7.3,7.7,8.2,8.7,9.2,9.9,10.5,11.1,11.7,12.2
중위 추계(기본 추계: 출산율-중위 / 기대수명-중위 / 국제이동-중위 / 국내이동-중위),제주특별자치도,- 구성비(%): 85세+,1.8,2,2.1,2.2,2.4,2.5,2.7,2.8,3,3.1,3.2,3.2,3.4,3.6,3.7,3.8,3.9,4.1,4.2,4.4,4.8,5.1,5.5,5.8,6.3
중위 추계(기본 추계: 출산율-중위 / 기대수명-중위 / 국제이동-중위 / 국내이동-중위),제주특별자치도,학령인구(천명): 계(6~21세),112,112,111,111,110,109,107,105,103,101,98,95,92,89,86,84,82,80,78,77,77,77,78,78,79
중위 추계(기본 추계: 출산율-중위 / 기대수명-중위 / 국제이동-중위 / 국내이동-중위),제주특별자치도,학령인구(천명): 초등학교(6~11세),42,43,43,43,41,39,37,35,32,30,28,27,26,26,26,27,28,29,30,31,32,32,33,33,33
중위 추계(기본 추계: 출산율-중위 / 기대수명-중위 / 국제이동-중위 / 국내이동-중위),제주특별자치도,학령인구(천명): 중학교(12~14세),21,21,21,21,22,23,22,22,22,21,20,18,17,15,14,14,13,13,13,13,14,14,15,16,16
중위 추계(기본 추계: 출산율-중위 / 기대수명-중위 / 국제이동-중위 / 국내이동-중위),제주특별자치도,학령인구(천명): 고등학교(15~17세),20,20,20,20,21,21,21,22,22,22,22,21,21,20,18,16,15,14,13,13,13,13,13,14,14
중위 추계(기본 추계: 출산율-중위 / 기대수명-중위 / 국제이동-중위 / 국내이동-중위),제주특별자치도,학령인구(천명): 대학교(18~21세),29,28,26,26,26,26,26,27,27,28,28,28,28,28,28,27,26,24,22,20,19,18,17,17,16
중위 추계(기본 추계: 출산율-중위 / 기대수명-중위 / 국제이동-중위 / 국내이동-중위),제주특별자치도,청소년인구(천명): 9~24세,116,114,112,111,111,111,110,109,108,106,104,102,99,95,93,90,87,84,82,80,78,77,76,76,76
중위 추계(기본 추계: 출산율-중위 / 기대수명-중위 / 국제이동-중위 / 국내이동-중위),제주특별자치도,- 구성비(%): 9~24세,17.3,17,16.6,16.3,16.2,16.1,15.9,15.7,15.4,15.1,14.7,14.3,13.9,13.4,13,12.6,12.1,11.7,11.4,11.1,10.9,10.7,10.6,10.6,10.7
중위 추계(기본 추계: 출산율-중위 / 기대수명-중위 / 국제이동-중위 / 국내이동-중위),제주특별자치도,청년인구(천명): 19~34세,129,127,124,123,123,121,120,119,116,114,112,111,109,107,106,104,102,101,99,96,94,92,90,87,84
중위 추계(기본 추계: 출산율-중위 / 기대수명-중위 / 국제이동-중위 / 국내이동-중위),제주특별자치도,- 구성비(%): 19~34세,19.3,18.8,18.3,18.1,17.9,17.6,17.3,17,16.6,16.2,15.9,15.6,15.3,15.1,14.8,14.6,14.3,14,13.8,13.4,13.1,12.8,12.5,12.1,11.8
